time,open,high,low,close,Volume
2017-09-21,219.41374695,219.5015546,218.80348381,218.98348948,48211398
2017-09-22,218.68494349,219.19422783,218.65860119,219.02739331,51214032
2017-09-25,218.77275113,219.12679156,217.83320931,218.57957431,57064357
2017-09-26,219.00983178,219.25569319,218.46981475,218.71128578,54081959
2017-09-27,219.41374695,219.94937359,218.52688972,219.56301995,81001426
2017-09-28,219.28203548,219.90546977,219.19422783,219.82644289,44778841
2017-09-29,219.81766212,220.67817706,219.63326607,220.59915018,85578002
2017-10-02,220.82745006,221.55625352,220.65411776,221.55625352,59022985
2017-10-03,221.67918423,222.05675711,221.47722664,222.03041482,66810169
2017-10-04,221.88114182,222.53969916,221.76699188,222.29383775,55953619
2017-10-05,222.62750681,223.62851398,222.32544851,223.61095245,63522757
2017-10-06,223.16313345,223.64677797,222.89971052,223.35631028,80645998
2017-10-09,223.58461016,223.64607551,222.72409522,222.98751816,35803138
2017-10-10,223.55826786,223.95340227,223.01386046,223.57582939,43057363
2017-10-11,223.47924098,223.92705998,223.31240645,223.92705998,47674325
2017-10-12,223.61095245,223.96218304,223.35191989,223.59339092,47080269
2017-10-13,224.03242915,224.14657909,223.59339092,223.86559463,54800435
2017-10-16,224.09389451,224.35731745,223.75144469,224.16414062,38521675
2017-10-17,224.11145604,224.36609821,223.89193692,224.32219439,31560964
2017-10-18,224.69976727,224.74367109,224.34853668,224.5417135,40888330
2017-10-19,223.76022545,224.63830191,223.33874875,224.60317886,61903788
2017-10-20,225.40222844,225.78858208,224.58948086,225.76223979,89176377
2017-10-23,226.08712808,226.11347038,224.80513644,224.88416332,63915306
2017-10-24,225.31442079,225.51637838,224.91928638,225.27929773,66935910
2017-10-25,224.94562868,225.05977862,223.03142198,224.16414062,103715291
2017-10-26,224.77879415,225.05099785,224.33097515,224.45390586,69797972
2017-10-27,225.20027085,226.44713943,224.45864747,226.28908567,85562544
2017-10-30,225.72711673,226.19249726,225.14758626,225.44613226,54285687
2017-10-31,225.82370514,226.05200502,225.49442647,225.79736285,60304781
2017-11-01,226.5788509,226.92130072,225.72711673,226.09590885,54202736
2017-11-02,226.02566273,226.32420873,224.95440944,226.18371649,56449535
2017-11-03,226.34177026,226.98276608,225.92907432,226.93886225,59589730
2017-11-06,226.80715078,227.42180431,226.73690467,227.29009284,49652598
2017-11-07,227.39546201,227.72913107,226.62275472,227.13203907,57502161
2017-11-08,226.95642378,227.61498113,226.67543931,227.51839272,50469579
2017-11-09,226.3066472,226.88617766,225.10368244,226.69300084,95085497
2017-11-10,226.3066472,226.80065302,225.99053967,226.62275472,59984662
2017-11-13,225.93785508,227.06179296,225.90273202,226.83349308,50228648
2017-11-14,226.02566273,226.41201637,225.24417468,226.3066472,61315152
2017-11-15,225.33198232,225.8588282,224.46268662,225.17392856,80811525
2017-11-16,226.12225114,227.45692737,226.08256208,227.08813525,67777027
2017-11-17,226.73690467,227.06021242,226.34177026,226.42079714,75756833
2017-11-20,226.66665855,227.00471799,226.42079714,226.80715078,48075514
2017-11-21,227.57985807,228.47549606,227.57985807,228.29110001,69176799
2017-11-22,228.29988077,228.43159224,227.92230789,228.08914242,45033392
2017-11-24,228.58086524,228.72135747,228.44037301,228.6159883,27746365
2017-11-27,228.65989212,228.95843812,228.29988077,228.50183836,52274922
2017-11-28,228.96721888,230.84630252,228.87502086,230.81996022,98971719
2017-11-29,230.95167169,231.48729834,230.23164899,230.67946799,77512102
2017-11-30,231.60144828,233.61224338,231.5224214,232.69904386,127894389
2017-12-01,232.47952474,232.9624668,228.96721888,232.2161018,164390902
2017-12-04,233.84054326,234.27080073,231.88243275,231.93511733,94040560
2017-12-05,232.18975951,232.82197456,230.96923322,231.10094469,77994544
2017-12-06,230.81996022,231.57510598,230.67946799,231.14484852,75898566
2017-12-07,231.01313705,232.18975951,230.88142558,231.87365198,77218569
2017-12-08,232.68148233,233.14686286,232.44440168,233.13808209,76563873
2017-12-11,233.19954744,233.90200862,233.11112514,233.84054326,83077533
2017-12-12,234.06884314,234.72740049,233.87127594,234.2532392,85195750
2017-12-13,234.49910061,234.93813884,234.13908926,234.22689691,102905409
2017-12-14,234.52544291,234.63959285,233.21710897,233.26979356,100666692
2017-12-15,234.2770948,235.68037444,234.22414085,235.21261456,144610290
2017-12-18,236.6158942,237.05717711,236.50998631,236.70415078,83676072
2017-12-19,236.95126921,236.9953975,235.72450273,235.795108,82382876
2017-12-20,236.76593039,236.81888434,235.37147641,235.67154878,76751500
2017-12-21,236.29817051,236.86742546,235.90984155,236.15695998,67032339
2017-12-22,236.1746113,236.2055011,235.55681523,236.09518037,78720873
2017-12-26,235.6892001,236.03137087,235.54357674,235.81275931,45244433
2017-12-27,235.98044682,236.28934485,235.65389747,235.92749287,57750986
2017-12-28,236.43055538,236.45703236,236.04222643,236.41290407,45116139
2017-12-29,236.9953975,237.01304882,235.32734812,235.5215126,96007424
2018-01-02,236.38642709,237.24251593,235.99809813,237.2072133,86655749
2018-01-03,237.3749008,238.85761137,237.3749008,238.70757518,90070416
2018-01-04,239.35184822,240.1991114,238.77350284,239.7137002,80636408
2018-01-05,240.50800943,241.43470354,240.01377258,241.31114432,83523995
2018-01-08,241.21406208,241.91128908,240.92281537,241.75242723,57319192
2018-01-09,242.17605882,242.92623976,241.89452033,242.29961803,57253957
2018-01-10,241.54061143,242.19371014,240.86986142,241.92894039,69574318
2018-01-11,242.48495685,243.69407202,242.31726935,243.69407202,62361455
2018-01-12,243.95884176,245.45037798,243.66044626,245.28269048,90816076
2018-01-16,246.54475959,247.19785829,243.74702596,244.44425296,106555142
2018-01-17,245.37977272,247.16255566,244.44425296,246.7742267,113258799
2018-01-18,246.65949314,247.08312473,245.86518391,246.35942077,100728006
2018-01-19,246.9419142,247.48027935,246.35942077,247.48027935,140920098
2018-01-22,247.26846355,249.4925294,247.21550961,249.4925294,91322408
2018-01-23,249.53665769,250.31331561,249.21010834,250.02206889,97084700
2018-01-24,250.66634193,251.26648668,248.74234846,249.92498665,134816117
2018-01-25,250.78990114,250.88698338,249.24099814,250.03089455,84587313
2018-01-26,250.86933207,252.96851485,250.61338798,252.92571041,107743119
2018-01-29,252.35204263,252.79332554,251.08997352,251.24883537,90118337
2018-01-30,249.41309848,251.29825905,248.19515766,248.6717432,131796419
2018-01-31,249.52783203,250.03089455,247.71857212,248.79530241,118948131
2018-02-01,248.06277279,249.81907875,247.71857212,248.51288135,90102470
2018-02-02,247.18903263,247.3214175,243.06745029,243.10275292,173174790
2018-02-05,241.3376213,243.45577925,232.38840396,232.93559477,294681820
2018-02-06,229.41415718,238.0279995,228.31977557,237.52493699,355026780
2018-02-07,236.96892053,240.37562456,236.15695998,236.2363909,167376100
2018-02-08,236.53646328,236.67767381,227.34012752,227.37543015,246449505
2018-02-09,230.17316378,232.65317371,223.21854518,230.79095984,283565310
2018-02-12,232.84733819,235.65389747,230.93605366,234.18001256,143735976
2018-02-13,232.9708974,235.3096968,232.38840396,234.762506,81223640
2018-02-14,233.27096978,238.29276925,233.26214412,237.93091726,120735685
2018-02-15,239.67839757,240.97576931,237.2072133,240.96694366,111200286
2018-02-16,240.34032193,242.98801937,240.29619364,241.03754892,160420135
2018-02-20,240.08437784,241.53178578,238.73405215,239.52836138,86369662
2018-02-21,239.96964429,242.45847988,238.2398153,238.33689754,98883740
2018-02-22,239.26359164,240.98459497,237.97504555,238.64579557,110511290
2018-02-23,239.87256205,242.44965422,239.39597651,242.44965422,92766428
2018-02-26,243.52638451,245.3621214,242.93506542,245.26503916,86491406
2018-02-27,245.45037798,246.16525629,242.14075619,242.20253579,99099165
2018-02-28,243.30574306,243.75585162,239.43127914,239.74900284,121907767
2018-03-01,239.53718704,241.09050287,234.762506,236.26286788,176855077
2018-03-02,234.58599284,238.04565082,233.72107834,237.4808087,139083217
2018-03-05,236.28934485,240.84338444,236.18343696,240.22558837,97307387
2018-03-06,241.20523643,241.28466735,239.3341969,240.83455878,79213163
2018-03-07,238.66344689,241.09932853,238.46928241,240.7463022,87063502
2018-03-08,241.42587788,242.03484829,240.42857851,241.91128908,66901150
2018-03-09,243.32339437,246.121128,243.00567068,246.121128,113625335
2018-03-12,246.41237472,247.03899644,245.42398926,245.81222996,71924793
2018-03-13,246.97721684,247.48027935,243.61464109,244.2236115,91968937
2018-03-14,245.18560824,245.37094706,242.41435159,242.97036805,105895079
2018-03-15,243.48225622,244.12652926,242.20253579,242.70559831,83433038
2018-03-16,243.23439986,244.0230287,242.91540393,242.96856992,100343673
2018-03-19,242.21538507,242.24196806,238.02413293,239.68113959,109208442
2018-03-20,240.07988451,240.72673738,239.40644865,240.08874551,59757271
2018-03-21,240.04444052,242.14449708,239.41530965,239.6279736,78709578
2018-03-22,237.39500206,238.24565789,233.3632479,233.63793884,148785916
2018-03-23,234.08098875,234.83417359,228.46311591,228.65805786,183534751
2018-03-26,232.27334512,235.19747452,229.86315362,234.91392258,141956102
2018-03-27,235.85318838,236.38484827,229.35807672,230.9176124,129941445
2018-03-28,231.05052737,232.72525603,229.12769077,230.23531554,146452306
2018-03-29,231.3783843,235.04683755,230.24320183,233.17716693,124244790
2018-04-02,232.64550704,233.15944494,225.66304048,228.14411997,186286343
2018-04-03,229.38465972,231.54674327,227.58587709,231.06824937,119956861
2018-04-04,227.5061281,234.24491721,227.37321313,233.54046786,123715339
2018-04-05,235.3038065,236.2696553,234.21390372,235.38355548,82652618
2018-04-06,233.41641388,234.91392258,228.61375287,230.13784456,179521209
2018-04-09,231.59990926,234.67467562,230.32888768,231.27205233,105442932
2018-04-10,234.16959873,235.73799541,233.02652996,234.94936657,105573736
2018-04-11,233.46071887,235.38355548,233.38983089,233.71768782,91140243
2018-04-12,235.04683755,236.58865123,234.86961758,235.64052443,68890480
2018-04-13,236.95195216,237.06714513,233.93921278,234.94936657,85079176
2018-04-16,236.58865123,237.65197101,235.7645784,236.88106417,63405287
2018-04-17,238.6532638,240.01785752,238.13932591,239.41530965,64682036
2018-04-18,239.85835956,240.39888044,239.13175771,239.59252961,57303857
2018-04-19,238.93681575,239.1406187,237.2266431,238.26337988,77655909
2018-04-20,238.1924919,238.41401685,235.35697248,236.2430723,99953133
2018-04-23,236.81903718,237.37728007,235.12658653,236.20762831,65557954
2018-04-24,237.2355041,237.45366187,231.52016028,233.02652996,112885452
2018-04-25,232.96450298,234.04554475,231.13913735,233.60249485,103840948
2018-04-26,234.63037063,236.80592291,234.18732073,235.97724236,67731942
2018-04-27,236.58865123,236.88992517,235.2595015,236.19876731,57053647
2018-04-30,236.81903718,237.37728007,234.3113747,234.38226269,82182324
2018-05-01,233.8151588,234.90506158,232.25562312,234.7987296,74203365
2018-05-02,234.60378764,235.41899947,232.831588,233.22147192,86368943
2018-05-03,232.3885381,233.3632479,229.54415768,232.70753403,136311479
2018-05-04,231.73282423,236.40186139,231.4049673,235.72027341,91222075
2018-05-07,236.49118025,237.49247304,235.80002239,236.51776324,55304907
2018-05-08,236.14560132,236.87663367,234.94936657,236.51776324,67499247
2018-05-09,237.19119911,239.12732721,236.66840021,238.80390077,59666143
2018-05-10,239.54822462,241.36472925,239.44189264,241.03687231,72063931
2018-05-11,241.16092629,242.03816511,240.64698839,241.77233516,59871511
2018-05-14,242.20652407,242.86223794,241.33814625,241.88752814,54790606
2018-05-15,240.65584939,240.67357139,239.27353368,240.22166048,87036036
2018-05-16,240.25710447,241.69258618,240.23052148,241.23181427,53942631
2018-05-17,240.96598433,242.10905309,240.24824348,241.02801132,56536400
2018-05-18,240.68243239,241.04573331,240.07102351,240.42546344,64367959
2018-05-21,241.91411113,242.77362796,240.44424876,242.23310707,58025875
2018-05-22,242.75590596,243.01287491,241.23181427,241.55967121,52966358
2018-05-23,240.28368747,242.25082906,240.1241895,242.22424607,64694184
2018-05-24,241.82550115,242.10019209,239.93810854,241.72803017,76043827
2018-05-25,241.15206529,241.78119616,240.64698839,241.15206529,56374755
2018-05-29,239.52164163,240.28368747,237.26208709,238.37857286,115908607
2018-05-30,239.69000059,242.00272111,239.61911261,241.55967121,69678449
2018-05-31,241.15206529,241.45333923,239.47290614,240.07988451,93519941
2018-06-01,241.38245124,242.73818396,241.31156326,242.43691002,71258411
2018-06-04,243.26098285,243.84137824,243.0217359,243.58883979,45392351
2018-06-05,243.72175476,244.14708267,242.95084792,243.76605975,51135038
2018-06-06,244.37746862,245.91042131,243.75719875,245.80408933,62732215
2018-06-07,246.29144423,246.58385717,244.86482352,245.77750634,72969402
2018-06-08,245.31673443,246.55727418,245.14837547,246.50410819,72139719
2018-06-11,246.72563314,247.54970597,246.61044016,246.83196512,58892515
2018-06-12,247.24843203,247.51426198,246.50410819,247.15096105,72329028
2018-06-13,247.390208,247.64717695,246.15852926,246.36233222,79070610
2018-06-14,247.23071004,247.51426198,246.3888266,246.98260209,77097620
2018-06-15,246.1953902,247.00536058,245.08279354,246.66713119,120143175
2018-06-18,245.20740436,246.28439794,244.7267626,246.15978711,52917581
2018-06-19,243.88118914,245.43882447,243.46285279,245.21630514,97531510
2018-06-20,245.90166468,246.30219948,245.2964121,245.63464148,53785486
2018-06-21,245.62574071,245.64354226,243.59636439,244.0948077,71061404
2018-06-22,245.35871751,245.46997718,244.31732703,244.53984636,56612003
2018-06-25,243.38274583,243.53957746,239.51981021,241.21095714,137854162
2018-06-26,241.78060663,242.59947778,241.0240409,241.74500354,68683211
2018-06-27,242.33245458,243.7610287,239.59101639,239.74232954,105110674
2018-06-28,239.6889249,241.87851514,238.97686304,241.11304863,76650517
2018-06-29,242.20784375,243.57856284,241.3440237,241.46017879,97592499
2018-07-02,239.88474191,242.13663757,239.64442103,241.97642365,63554774
2018-07-03,242.87540175,242.97331026,240.69471229,241.12194941,42187071
2018-07-05,242.25234762,243.15132573,241.17535405,243.08902031,56925919
2018-07-06,243.11572263,245.51893143,242.73743977,245.14509895,66493696
2018-07-09,246.15088634,247.40589538,246.10638247,247.35249074,50550399
2018-07-10,247.80643017,248.34047657,247.51270466,248.24256807,51966829
2018-07-11,246.68493274,247.47710156,246.12418402,246.42681031,77054739
2018-07-12,247.69072012,248.71430905,247.08546754,248.66090441,60124687
2018-07-13,248.48288895,249.15934772,248.02894951,248.85672143,48234964
2018-07-16,248.90122529,249.0463079,248.18916343,248.63420209,48201038
2018-07-17,247.85983481,250.03162351,247.80643017,249.63998948,52315500
2018-07-18,249.72009644,250.27194439,249.27505777,250.16513511,44593465
2018-07-19,249.49757711,249.88031036,248.74101137,249.22165313,61412117
2018-07-20,249.01693535,249.64889025,248.77661447,248.93682839,82372729
2018-07-23,248.7321106,249.60438639,248.38498044,249.3996686,47047565
2018-07-24,250.81489156,251.50025111,249.78240185,250.65467764,68026935
2018-07-25,250.40545599,253.11129108,250.36095212,252.79086324,78882927
2018-07-26,252.0699006,252.87987097,251.97199209,252.19451142,57919495
2018-07-27,252.52384004,252.62174854,249.55988252,250.48556295,76783177
2018-07-30,250.56566991,250.72588383,248.65200364,249.17714927,63742508
2018-07-31,249.94261577,251.01960935,249.55988252,250.40545599,68570493
2018-08-01,250.61017377,251.11751785,249.3386983,249.98711964,53853326
2018-08-02,248.67870596,251.51805265,248.47398817,251.34893796,63426363
2018-08-03,251.47354879,252.47728899,251.29553332,252.42593153,53935386
2018-08-06,252.46153462,253.66313902,252.07123571,253.35161196,39400887
2018-08-07,254.01916996,254.5710179,253.88565836,254.18828465,43196646
2018-08-08,254.01916996,254.48201017,253.61863516,254.08147537,42114551
2018-08-09,254.14378078,254.53541481,253.59638322,253.73434521,35716976
2018-08-10,252.29241993,252.83091672,251.32223564,252.0342975,77076044
2018-08-13,252.31022148,252.92437484,250.79709001,251.09081553,65732909
2018-08-14,251.82067894,252.93327561,251.43198217,252.69295473,43842031
2018-08-15,251.34003719,251.48244956,249.36406551,250.80599079,102887320
2018-08-16,252.24791606,253.70764289,252.21231297,252.8353671,69967919
2018-08-17,252.63064932,254.17057211,252.22121374,253.72544444,65618481
2018-08-20,254.17938388,254.53541481,253.72544444,254.26839161,39807490
2018-08-21,254.78463646,255.72811844,254.30710997,254.86474342,67271983
2018-08-22,254.45530785,255.2385759,254.18383426,254.71343028,44993333
2018-08-23,254.53541481,255.39878982,254.05477305,254.37520089,49204851
2018-08-24,254.95375116,256.04854627,254.90034652,255.9061339,57487399
2018-08-27,257.1077383,258.03341873,256.94752438,257.92660945,57072377
2018-08-28,258.38944966,258.49403375,257.58838006,258.05122027,46943472
2018-08-29,258.26483883,259.67116102,258.0204236,259.43974091,61485514
2018-08-30,258.95909915,259.33293163,257.79309785,258.38944966,61229501
2018-08-31,257.98001409,258.8433891,257.49047155,258.39835043,66140838
2018-09-04,257.98001409,258.3093427,256.94752438,257.95331177,57594367
2018-09-05,257.59728083,257.80199862,256.24436329,257.25905145,72452437
2018-09-06,257.36586073,257.66848702,255.45219446,256.48468417,65909863
2018-09-07,255.43439292,256.96532593,255.19407204,255.98624086,73524824
2018-09-10,257.00092902,257.26795222,256.23546251,256.43127953,50210903
2018-09-11,255.78152308,257.72189166,255.42994253,257.27685299,50530492
2018-09-12,257.28575377,257.94441099,256.54698958,257.33915841,59810758
2018-09-13,258.40725121,259.04668276,258.11797607,258.86119065,51034222
2018-09-14,259.06590843,259.25282467,258.12242646,258.90569451,55079875
2018-09-17,258.85228987,258.88789297,257.25905145,257.53497542,68244043
2018-09-18,257.74859398,259.52874865,257.72189166,258.93239683,61930407
2018-09-19,258.98580147,259.62665715,258.85674026,259.20832081,49080562
2018-09-20,260.47223062,261.62933115,259.22282907,261.30890331,100360646
2018-09-21,262.05334456,262.16957826,260.90888968,261.06982865,105597145
2018-09-24,260.48866015,260.63171701,259.62137794,260.20254643,53409645
2018-09-25,260.65854017,260.76583282,259.72268008,259.96113798,44370037
2018-09-26,260.10419484,261.29335499,258.76303678,259.1832663,79739674
2018-09-27,259.65714215,260.99830022,259.37996949,259.90749166,59249455
2018-09-28,259.2816179,260.43501383,259.24585368,259.93431482,70091385
2018-10-01,261.17712129,261.9102877,260.16678222,260.83736125,62078937
2018-10-02,260.68536334,261.39617711,260.30983908,260.68536334,47258227
2018-10-03,261.74040768,262.16063721,260.47077805,260.8284202,64694594
2018-10-04,260.34560329,260.39924962,257.19835237,258.78985994,111545910
2018-10-05,259.01338628,259.5319674,255.91084063,257.34140923,105961360
2018-10-08,256.65294809,257.69905138,255.26708476,257.34140923,87742172
2018-10-09,256.95694392,258.27127882,256.40259859,256.96588497,74338982
2018-10-10,256.45624491,256.52777334,248.4540018,248.82952605,214756170
2018-10-11,247.7387175,249.36598928,241.73032937,243.3486601,274840490
2018-10-12,247.46154483,247.74765855,243.52748118,246.72837842,183186492
2018-10-15,246.37073627,247.70295328,245.25310455,245.34251509,102263717
2018-10-16,247.30954692,251.0826716,246.83567107,250.70714734,118255834
2018-10-17,250.74291156,251.37772638,248.16788808,250.75185261,110625987
2018-10-18,249.81304197,250.41209257,245.85215515,247.13072584,134557525
2018-10-19,247.78342276,249.72363143,246.29920784,246.99661003,139901634
2018-10-22,247.66718907,247.989067,245.35145614,245.88791937,82415812
2018-10-23,242.25785154,245.76274462,240.16564496,244.63617184,146352719
2018-10-24,244.38582234,244.77028765,236.66969294,237.22403828,177806697
2018-10-25,239.06589535,243.02678217,238.03767417,241.47997987,138061545
2018-10-26,237.7605015,242.30255681,234.51489899,237.23297933,201574596
2018-10-29,240.33552499,241.63197778,232.33328187,235.91864443,160749101
2018-10-30,235.74876441,239.72753333,235.25700645,239.41459645,157115995
2018-10-31,241.98961993,244.2964118,241.51574408,241.97173782,128296325
2018-11-01,242.83902004,244.74346449,241.74821148,244.5467613,99495037
2018-11-02,245.65545197,246.08462255,241.04186823,243.0983106,122634107
2018-11-05,243.59006855,244.99381399,242.61549369,244.43946866,65622482
2018-11-06,244.37688128,246.14720993,244.31429391,245.98627096,60085894
2018-11-07,248.16788808,251.33302111,247.7387175,251.25255162,102752099
2018-11-08,250.44785678,251.44031375,249.652103,250.79655788,65584886
2018-11-09,249.48222298,249.66998511,246.93402266,248.34670915,98812561
2018-11-12,247.83706909,248.07847754,243.18772113,243.70630225,99673574
2018-11-13,244.17123705,246.16956256,242.52608316,243.25030851,98176610
2018-11-14,245.1279298,245.53027722,240.0225881,241.58727251,125335931
2018-11-15,240.31764288,244.57358447,238.73525518,244.10864967,135101437
2018-11-16,243.00890006,245.65545197,242.49031894,244.74346449,126668040
2018-11-19,244.13547283,244.43052761,239.68282806,240.6037566,103061706
2018-11-20,237.25980249,238.72613531,235.28382961,236.15111183,136021311
2018-11-21,237.70685518,238.86025112,236.94686561,236.95580667,75563743
2018-11-23,235.31065277,236.78002555,235.21230118,235.37324015,42807878
2018-11-26,237.63532675,239.39671434,237.24192039,239.173188,79981362
2018-11-27,238.13602576,239.97788283,237.52803411,239.97788283,75502441
2018-11-28,241.05080929,245.50345406,239.91279196,245.50345406,127629633
2018-11-29,244.72558238,246.37073627,243.5811275,244.96699083,82346420
2018-11-30,244.81499292,247.0234332,244.49311498,246.46014681,98204190
2018-12-03,250.5998547,250.70714734,248.11871228,249.72363143,103017719
2018-12-04,248.89211343,249.32128401,241.3190409,241.63197778,177986013
2018-12-06,237.7605015,241.38162827,234.6490148,241.26539458,204185411
2018-12-07,240.92563453,242.49925999,234.81889482,235.65935387,161018923
2018-12-10,235.4805328,237.08214375,231.23353226,236.10640656,151445885
2018-12-11,239.31624486,239.50400699,234.68477901,236.16005288,121504431
2018-12-12,239.14636484,240.51434606,237.26874355,237.34921303,97976706
2018-12-13,238.29696473,239.16424694,236.15111183,237.26874355,96662717
2018-12-14,235.11394959,236.07064234,232.33328187,232.88762721,116961071
2018-12-17,231.93093445,233.04856617,226.67806537,228.31874874,165492257
2018-12-18,229.96390263,230.63448166,226.45900955,228.06839923,134515094
2018-12-19,228.14886871,231.93093445,222.94517543,224.6529167,214992763
2018-12-20,223.40116917,224.97479463,218.74288016,220.99602571,252053377
2018-12-21,221.90023715,224.57124187,215.8207786,216.46829489,255345633
2018-12-24,214.9754101,216.59015386,210.68561464,210.74856762,147311588
2018-12-26,212.21447256,221.39661336,210.22695727,221.39661336,218485360
2018-12-27,218.1500386,223.29419584,214.90346384,223.09634364,186267342
2018-12-28,224.4543292,226.09110651,221.63943197,222.80855862,153100189
2018-12-31,224.43634264,225.0029194,222.55674673,224.76010079,144299370
2019-01-02,221.21674773,225.92023415,221.18976788,224.99392612,126925199
2019-01-03,223.24023615,223.54600773,219.13929961,219.62493683,144140692
2019-01-04,222.66466611,227.62895771,222.28694827,226.98144141,142628834
2019-01-07,227.25123987,230.18304976,226.35191168,228.77110451,103139100
2019-01-08,230.96546529,231.4061361,228.42935979,230.92049888,102512587
2019-01-09,231.63096814,232.8450612,230.39888853,231.9996927,95006554
2019-01-10,230.4618415,233.06989325,229.77835208,232.81808135,96823923
2019-01-11,231.73888753,232.93481415,231.15432421,232.90801417,73858110
2019-01-14,231.00143841,232.296471,230.59674073,231.48707563,70908227
2019-01-15,231.86479347,234.45485866,231.85580019,234.14009379,85208271
2019-01-16,234.57177132,235.59394774,234.36492584,234.70667055,77636710
2019-01-17,233.83432221,237.35069542,233.7893558,236.48734036,96118435
2019-01-18,238.3039833,240.10263968,236.52151483,239.63498902,127900303
2019-01-22,238.16009079,238.37592956,234.7786168,236.39740754,115531183
2019-01-23,237.43163496,238.13311095,234.41888553,236.89203805,86030287
2019-01-24,236.71217241,237.60250731,235.69593156,237.01794399,59204139
2019-01-25,238.87056006,239.85082778,237.11642043,239.02344585,96883358
2019-01-28,236.87405148,237.26975588,235.43512638,237.20680291,85613655
2019-01-29,237.35069542,237.91727218,236.05566283,236.89203805,66136334
2019-01-30,238.41190268,241.48760509,237.64747372,240.64223659,92473671
2019-01-31,240.57928362,243.24129505,240.36344485,242.75565783,104012073
2019-02-01,242.95351003,243.89780463,242.08116169,242.8725705,85782524
2019-02-04,242.91753691,244.64424703,242.24304077,244.58129405,60744844
2019-02-05,245.01297158,245.91229977,244.5093478,245.60652819,79552774
2019-02-06,245.32773645,245.82236695,244.54532093,245.28277004,58347791
2019-02-07,243.6639793,244.2125695,241.2807596,242.94451675,95481961
2019-02-08,241.69445057,243.34022115,240.86706864,243.24129505,75788861
2019-02-11,243.89780463,244.15860981,242.84559065,243.37619428,68021423
2019-02-12,244.99498502,246.88357422,244.92303877,246.50585638,72270221
2019-02-13,247.34223159,248.15162696,246.91954734,247.30625846,65277204
2019-02-14,246.21807136,247.89082179,245.39968271,246.75766827,83234396
2019-02-15,248.53833808,249.48263268,248.3314926,249.44665955,97088659
2019-02-19,248.64742659,250.53484666,248.63726418,249.87833708,59120804
2019-02-20,249.84236396,250.84061824,249.33874017,250.38196087,76610767
2019-02-21,249.74343785,250.10316913,248.52484816,249.49162596,64214727
2019-02-22,250.11216241,251.23632265,249.47624745,251.03847045,78114616
2019-02-25,252.46840226,252.99001261,251.29927562,251.38021516,69030699
2019-02-26,251.02947716,252.08169114,250.82263168,251.20034952,56844101
2019-02-27,250.48088697,251.44316813,249.54558565,251.09243014,56921570
2019-02-28,250.87659137,251.31726218,250.30102133,250.62477948,69268293
2019-03-01,252.20759709,252.60330149,250.75068543,252.18961053,78880548
2019-03-04,253.25081779,253.4936364,248.97001561,251.27229577,106494637
2019-03-05,251.39820172,251.59605392,250.38196087,250.93055106,59114559
2019-03-06,251.04746373,251.05645701,249.08692828,249.41068642,75039771
2019-03-07,248.96102233,249.10491484,246.47887653,247.32424503,94885089
2019-03-08,245.46263568,247.00048688,244.99498502,246.82961452,85795799
2019-03-11,247.54907708,250.57081979,247.52209723,250.40894071,65098897
2019-03-12,250.96652419,251.87484566,250.77766527,251.35323531,79667530
2019-03-13,252.24357022,253.95229378,252.08169114,253.01699246,80639153
2019-03-14,253.04397231,253.46665655,252.41102513,252.85511339,67518366
2019-03-15,253.40893843,254.91743251,253.21924756,254.10447163,81308979
2019-03-18,254.3212612,255.32391294,254.09543873,255.02582729,62199806
2019-03-19,256.09170933,256.85950571,254.19480061,255.08905758,90268121
2019-03-20,254.87226801,256.08267643,253.21021466,254.3212612,84609210
2019-03-21,253.49926742,257.6002034,253.45410293,257.19372296,79550375
2019-03-22,255.82975527,256.35673458,252.18046422,252.24369451,122659286
2019-03-25,251.90044436,253.08854152,250.78939783,252.05400364,85575197
2019-03-26,253.81541887,254.89033381,252.52371437,253.93284655,68125920
2019-03-27,253.92381366,254.51095207,251.05135189,252.60501045,72224722
2019-03-28,253.23731336,254.01414264,252.08110233,253.56249771,56238545
2019-03-29,255.08002468,255.48650512,253.95091235,255.16132077,82186806
2019-04-01,257.16662427,258.48542747,256.89563731,258.18734181,77617945
2019-04-02,258.37703269,258.54865776,257.51890731,258.31380239,40070351
2019-04-03,259.53324371,259.93069125,258.11507862,258.72028283,68243202
2019-04-04,259.04546718,259.658801,258.34993399,259.40678313,48997505
2019-04-05,260.07521763,260.71655343,259.78616487,260.66235604,58621729
2019-04-08,260.2378098,260.96947459,259.5784082,260.86107981,53566335
2019-04-09,259.89455966,260.21974401,258.973204,259.52421081,66142316
2019-04-10,259.93972415,260.49967354,259.52421081,260.40943488,52601499
2019-04-11,260.89721141,260.9062443,259.7662925,260.33717169,55093100
2019-04-12,261.95406055,262.37860678,260.38323947,262.09858692,69727782
2019-04-15,262.17085011,262.270212,261.11851742,261.92696185,49596685
2019-04-16,262.81218592,262.86638331,261.50241561,262.09858692,52153197
2019-04-17,263.21866636,263.2412486,261.04173778,261.45725112,58268295
2019-04-18,262.04438953,262.2431133,260.74365213,261.97212634,68708513
2019-04-22,261.20432996,262.34699164,261.11400097,262.19794881,40160140
2019-04-23,262.56829765,264.79039072,262.33344229,264.55553535,52246633
2019-04-24,264.47423927,264.80845652,263.82387056,263.96839694,50392914
2019-04-25,263.86903506,264.46520637,262.61346215,263.80580477,57770862
2019-04-26,263.85096926,265.10654217,263.07423031,265.03427898,50916423
2019-04-29,265.12460797,265.97370044,265.03427898,265.44979232,57197747
2019-04-30,265.10654217,265.87433856,263.68837709,265.5852858,81112081
2019-05-01,266.2175887,266.42534537,263.5799823,263.5890152,71671870
2019-05-02,263.47158752,264.39294318,261.52048141,263.01994259,65030170
2019-05-03,264.50133796,265.87433856,263.12815671,265.5943187,56543653
2019-05-06,261.27659315,264.94395,260.9604417,264.50133796,107198069
2019-05-07,262.08955403,262.68572534,258.16927602,260.08425053,144729908
2019-05-08,259.72293458,261.43918532,259.12676327,259.72293458,91568287
2019-05-09,257.6453679,259.54227661,255.90201846,258.9370724,103471104
2019-05-10,257.99765094,260.99657329,254.99872859,260.2378098,112429293
2019-05-13,255.10712338,256.07364353,252.85793162,253.69799119,127290527
2019-05-14,254.71870874,257.52794021,254.59224816,255.99234744,77003230
2019-05-15,254.35739279,258.13314442,254.14963612,257.49180862,73956407
2019-05-16,258.19637471,261.24046155,258.12411152,259.87649386,76749643
2019-05-17,257.56407181,260.68945474,257.54663831,258.19637471,100353024
2019-05-20,256.58851875,257.82602587,255.73942628,256.48915687,62877610
2019-05-21,258.18734181,259.18096066,257.93442065,258.80157892,46847085
2019-05-22,257.84409167,258.9641711,257.52794021,258.00668384,49482472
2019-05-23,255.77555788,255.82072237,253.43603713,254.85420222,98733847
2019-05-24,256.299466,256.71497934,254.80903772,255.43230773,55268095
2019-05-28,255.71232759,256.66981484,253.03858959,253.05665539,70029356
2019-05-29,251.93657596,252.34305639,249.94933825,251.35847044,104972927
2019-05-30,252.11723393,252.9572935,250.93844066,252.04497074,62523780
2019-05-31,249.48866042,250.3196871,248.62150215,248.64860085,86862782
2019-06-03,248.68473244,249.80670878,246.67942895,248.01629795,96427952
2019-06-04,250.3196871,253.53539901,249.86804217,253.39990553,77231889
2019-06-05,255.02582729,255.6219986,253.21021466,255.5948999,71169717
2019-06-06,255.89298556,257.93442065,255.24261686,257.25695325,69430381
2019-06-07,258.2776708,260.9152772,258.10604573,259.83132937,74272199
2019-06-10,261.38498793,262.69475823,260.93641419,261.02367199,60799053
2019-06-11,262.84831751,263.21866636,260.31052464,260.9604417,58641325
2019-06-12,260.72558633,261.28562605,259.98037219,260.49976387,47096312
2019-06-13,261.41208663,261.93599475,260.70752053,261.5746788,48945156
2019-06-14,261.28562605,261.89083026,260.51782966,261.28562605,52324716
2019-06-17,261.52048141,262.15278432,261.21336286,261.38498793,39205709
2019-06-18,263.20963346,265.17880536,262.84831751,264.12195622,85434823
2019-06-19,264.2574497,265.25106855,263.28189665,264.71812753,78674377
2019-06-20,267.40993132,267.65318728,264.77729302,267.24733915,116570017
2019-06-21,266.97652305,268.23820111,266.64068069,266.85852438,83309466
2019-06-24,267.06729126,267.38497998,266.37745289,266.53175884,47582730
2019-06-25,266.58621977,266.61345023,263.80871268,263.91763452,82028656
2019-06-26,264.81623976,265.32454171,263.54094647,263.65440673,51584902
2019-06-27,264.41685965,265.0976212,264.03563319,264.58931925,40355239
2019-06-28,265.56961587,266.45006746,265.05223709,265.95084233,59350929
2019-07-01,269.29111229,269.50895599,267.15805946,268.3652766,79107474
2019-07-02,268.31989249,269.1186527,267.47574818,269.06419178,61504544
2019-07-03,269.74495332,271.23355189,269.59972419,271.21539825,40898896
2019-07-05,269.98095066,271.07016912,268.68296532,270.90678635,51677326
2019-07-08,269.59064737,270.72334381,268.87357855,269.41818778,45841772
2019-07-09,268.25635475,270.05356522,268.20189383,269.75403014,41101279
2019-07-10,270.82509497,271.99600482,270.28956256,271.04293866,58595558
2019-07-11,271.68739292,271.92339026,270.67078902,271.6783161,50889481
2019-07-12,272.16846441,272.96722462,271.85985251,272.89461005,40354410
2019-07-15,273.33029744,273.33029744,272.47707631,272.98537826,33910261
2019-07-16,272.89461005,273.10337693,271.79631477,272.04138892,40567964
2019-07-17,272.0776962,272.24107897,270.25325527,270.25325527,44102443
2019-07-18,269.75403014,271.62385518,269.30926593,271.24262871,51701687
2019-07-19,272.340924,272.36815446,269.54526327,269.7358765,71081238
2019-07-22,270.13525661,270.94309364,269.61787783,270.3984844,43687404
2019-07-23,271.52401015,272.33184718,270.68894266,272.33184718,44657973
2019-07-24,271.56939425,273.61167888,271.47862605,273.61167888,47213232
2019-07-25,273.15783785,273.21229877,271.49677969,272.30461672,55394092
2019-07-26,272.99445508,274.3287477,272.86737959,274.12905765,45084077
2019-07-29,274.01105898,274.05644309,273.07614647,273.62983252,38126462
2019-07-30,272.22292533,273.36660472,271.84169887,272.9581478,45849045
2019-07-31,273.20322195,273.39383519,267.94774285,269.97187384,104245162
2019-08-01,270.12617979,273.09430011,266.8222171,267.62097731,142646576
2019-08-02,266.72237208,266.96744623,264.04471001,265.60592315,116749695
2019-08-05,261.49412344,261.60304528,255.71218874,257.61832106,178745449
2019-08-06,259.51537655,261.44873933,258.0358548,261.23089564,120711682
2019-08-07,258.14477665,262.15673134,256.002647,261.38520159,140572265
2019-08-08,262.88287698,266.5136052,262.32919093,266.5136052,87713904
2019-08-09,265.56961587,266.16868602,262.91010744,264.69824109,93729958
2019-08-12,263.19148888,264.6848074,260.52290364,261.47596979,65527632
2019-08-13,261.17643472,266.99467669,260.83151553,265.5423854,94792972
2019-08-14,261.47596979,262.08411677,257.56386013,257.69093562,135622053
2019-08-15,258.58046404,259.2703024,256.32033572,258.37169716,101929845
2019-08-16,260.03275533,262.61964918,258.42960728,262.1839618,85825286
2019-08-19,265.21561986,266.02345689,264.53485832,265.34269535,53640153
2019-08-20,264.8343934,265.36992581,263.18241206,263.30948755,51652752
2019-08-21,265.47884766,265.82376684,264.7890093,265.4516172,49723430
2019-08-22,266.1596092,266.79498664,263.59086898,265.36992581,51739292
2019-08-23,264.06286365,265.73299864,257.30063234,258.55323357,149318151
2019-08-26,260.74982415,261.41243205,259.21584148,261.41243205,72620598
2019-08-27,262.81026242,263.18241206,259.6242984,260.38675133,68262998
2019-08-28,259.72414343,262.38365185,258.9163064,262.22026908,59852324
2019-08-29,264.7890093,266.09607146,263.78148222,265.56961587,57998913
2019-08-30,267.05821444,267.07627731,264.51670468,265.4516172,62961780
2019-09-03,263.74517493,264.66193381,262.56518826,263.89948088,69252354
2019-09-04,266.07791782,266.9084469,265.32454171,266.89483167,47003957
2019-09-05,269.39095732,271.24262871,269.25480501,270.32586984,83356779
2019-09-06,270.64355856,271.17909097,269.96279701,270.53463671,49584290
2019-09-09,271.52401015,271.61477836,269.72679968,270.67078902,51260290
2019-09-10,269.90833609,270.67078902,268.64665803,270.60725127,57947101
2019-09-11,270.91586317,272.61322862,270.26233209,272.53153723,68821066
2019-09-12,273.43921929,274.53751458,272.67676636,273.47552657,72908745
2019-09-13,273.92029078,274.27428678,272.92184052,273.29399016,62104838
2019-09-16,272.15938759,273.33737736,271.80539159,272.44984585,58191175
2019-09-17,272.2501558,273.23045242,272.0776962,273.13968421,42904427
2019-09-18,272.74938093,273.41198883,270.7070963,273.30306698,74192091
2019-09-19,273.69337026,274.69182053,272.94934328,273.28491334,78099215
2019-09-20,273.89004946,274.17272996,271.20002533,271.99335448,97455979
2019-09-23,271.3276875,272.64990274,271.07236317,271.9295234,47541321
2019-09-24,273.0237705,273.41587572,268.82915662,269.79574155,97367568
2019-09-25,269.87781009,271.83833614,268.39145777,271.39151858,73434081
2019-09-26,271.4006373,271.610368,269.41275507,270.82615758,58722357
2019-09-27,271.58301182,271.68924498,267.80785932,269.36716144,84781110
2019-09-30,269.88692881,271.3276875,269.84133518,270.61642688,52562761
2019-10-01,271.50094329,272.15293219,267.17866724,267.39751666,89900420
2019-10-02,265.81085836,265.81997709,261.3791576,262.67401667,124523974
2019-10-03,262.44604852,264.85339215,259.7195495,264.82603597,85906799
2019-10-04,265.48258423,268.66501955,265.190785,268.40969523,66700681
2019-10-07,267.60724735,269.23949928,266.96893654,267.25161704,60656561
2019-10-08,265.39139697,266.13001377,263.06612188,263.10259679,101575470
2019-10-09,265.12695392,266.54035643,263.21740154,265.60112767,65707329
2019-10-10,265.51905913,268.28203306,265.35492207,267.39751666,57255974
2019-10-11,270.16049059,272.41281587,270.04632414,270.16960931,101228577
2019-10-14,269.85045391,270.52523962,269.52217978,269.86869136,40546668
2019-10-15,270.91734483,273.28821355,270.7988014,272.54047803,47832356
2019-10-16,272.07542302,272.79580236,271.66508035,272.10277919,50563596
2019-10-17,273.2699761,273.78062475,272.20764454,272.90522707,46784885
2019-10-18,272.36722224,273.01009241,270.81703885,271.71067398,64338028
2019-10-21,273.03288923,273.75326857,272.59063103,273.5526566,39460901
2019-10-22,274.09066143,274.38246065,272.56783421,272.65902147,49126038
2019-10-23,272.40369715,273.50706297,272.18940709,273.45235062,34991829
2019-10-24,274.39157938,274.53747899,273.06945532,273.89916818,35857459
2019-10-25,273.32468846,275.56789501,273.27052323,275.02077146,45205412
2019-10-28,276.24268073,277.07248478,276.21532455,276.57095486,42146965
2019-10-29,276.29739308,277.41899636,276.16973092,276.48888632,44284921
2019-10-30,276.68949829,277.71079559,275.37640177,277.33692783,49643928
2019-10-31,277.3278091,277.3278091,275.1393149,276.59831103,69053791
2019-11-01,278.04818844,279.20626663,277.88405138,279.160673,71141515
2019-11-04,280.71997512,280.856756,279.90840852,280.28227628,60606916
2019-11-05,280.48288824,280.78335026,279.68044037,279.9722396,43033885
2019-11-06,279.9722396,280.30963245,279.08772319,280.03607068,46487108
2019-11-07,281.37652338,282.36134577,280.54671933,281.02089307,54272274
2019-11-08,280.67438149,281.77191133,279.9722396,281.71391623,49068797
2019-11-11,280.3278699,281.3491672,280.19108902,281.17591141,35934909
2019-11-12,281.54066044,282.67138245,280.99353689,281.76862859,46484624
2019-11-13,280.77468747,282.26103978,280.54671933,281.85981585,54459018
2019-11-14,281.57713535,282.35222704,280.93882454,282.27015851,52001874
2019-11-15,283.61061121,284.35834673,282.91758804,284.3127531,62706192
2019-11-18,284.07566623,284.75957067,283.61972993,284.52248379,49327980
2019-11-19,285.1243197,285.13343842,283.79298573,284.44041526,67927818
2019-11-20,283.84769808,284.36746545,281.82334094,283.38264306,79696276
2019-11-21,283.49206777,283.60149248,282.1242589,282.92670677,54664690
2019-11-22,283.67444229,283.81122318,282.54372029,283.55589885,44850228
2019-11-25,284.48600889,285.75351178,284.48600889,285.75351178,48762676
2019-11-26,285.78998669,286.58331583,285.47083128,286.40094132,37727953
2019-11-27,286.88423379,287.67756294,286.66538437,287.67756294,44793179
2019-11-29,287.11220193,287.35840753,286.38270387,286.61067201,36592740
2019-12-02,286.86599634,286.92982742,283.7473921,284.17597221,76110027
2019-12-03,281.44947318,282.35222704,280.06342686,282.27015851,75172709
2019-12-04,283.31881198,284.61367105,282.9723004,284.01183515,49190402
2019-12-05,284.71397704,284.73221449,283.20938727,284.52248379,40781669
2019-12-06,286.43741622,287.5225446,286.42829749,287.12132066,48956767
2019-12-09,286.72921545,287.40400116,286.14561699,286.2185668,34904315
2019-12-10,286.16385445,286.82952143,285.24286314,285.8994114,53109165
2019-12-11,286.35534769,286.96630232,285.81670455,286.710978,53521450
2019-12-12,286.72009672,289.96636312,286.48300985,289.1821527,96585802
2019-12-13,288.94506583,290.58643648,288.16997413,289.35540849,81546487
2019-12-16,291.0879664,291.9360079,291.04237277,291.34329072,82836128
2019-12-17,291.72627721,292.02719516,291.32505327,291.40712181,61131769
2019-12-18,291.79922702,292.02719516,291.3706469,291.42535926,48199955
2019-12-19,291.6168525,292.69286215,291.36572279,292.61991234,85388424
2019-12-20,293.65538563,295.04293161,292.67241075,293.9028017,149338215
2019-12-23,294.69086771,294.74584906,294.20519913,294.35181606,53015641
2019-12-24,294.58090501,294.6267228,294.05858219,294.36097961,20270007
2019-12-26,294.74584906,295.93711162,294.7366855,295.92794806,31024188
2019-12-27,296.66103272,296.71601407,295.32315322,295.8546396,42554820
2019-12-30,295.93711162,296.074565,293.73785766,294.22352624,49782730
2019-12-31,293.71953054,295.18569985,293.37131533,294.93828378,57106998
2020-01-02,296.47776156,297.71484191,295.55224218,297.69651479,59253833
2020-01-03,294.29683471,296.56939714,294.24185336,295.44227948,77783566
2020-01-06,293.68287631,296.65186916,293.56375005,296.56939714,55761948
2020-01-07,296.00125653,296.47776156,295.28649899,295.73551334,42854811
2020-01-08,295.92794806,298.53039859,295.68053199,297.31164535,68434153
2020-01-09,298.8786138,299.40093662,298.29214608,299.32762815,48569601
2020-01-10,299.91400424,300.06987636,297.99891221,298.46625368,53057389
2020-01-13,299.08937564,300.52805427,298.6586884,300.51889072,47262010
2020-01-14,300.07903992,301.13284911,299.50540118,300.06071281,63036384
2020-01-15,299.96907722,301.49939144,299.8866052,300.73881611,72056598
2020-01-16,302.1225134,303.2404675,301.89342444,303.2404675,54050328
2020-01-17,303.95522504,304.39507583,303.17989638,304.18431399,95846017
2020-01-21,303.22214038,304.39507583,303.14883191,303.58868271,77742415
2020-01-22,304.45005718,305.10066981,303.46955645,303.62533694,48914899
2020-01-23,302.97472431,304.38426283,301.85677021,303.97355215,52004140
2020-01-24,304.63332834,304.71580036,299.97824078,301.27030249,87578442
2020-01-27,296.01042009,297.92560375,295.67136843,296.44110732,84062463
2020-01-28,297.8706224,300.42725513,296.53622506,299.54755355,63833953
2020-01-29,300.91292372,301.14201267,299.0985392,299.30013748,54040889
2020-01-30,297.22917333,300.48223648,296.47776156,300.27147464,75491844
2020-01-31,299.64835269,299.80413318,293.9028017,294.81915752,113845576
2020-02-03,296.30365395,298.8786138,296.18452769,297.00924793,69242293
2020-02-04,300.62885341,302.4065837,300.30812888,301.53604567,62573190
2020-02-05,304.47754785,305.22895962,303.01137854,305.01819778,65951146
2020-02-06,305.98037139,306.23695102,304.96321644,306.0445163,50359688
2020-02-07,304.98154355,306.05743692,303.86358945,304.41340294,64139443
2020-02-10,303.5245378,306.75011028,303.48788357,306.68596537,42070006
2020-02-11,308.04217199,308.83023799,306.6896308,307.21745175,54864533
2020-02-12,308.65613038,309.40754216,308.28958806,309.19678032,43992662
2020-02-13,307.76918959,309.83822939,307.4923585,308.86689222,54501922
2020-02-14,309.27925234,309.48085062,308.07882622,309.36172437,64582210
2020-02-18,308.36289652,309.42376165,307.17163396,308.5644948,57342526
2020-02-19,309.53583197,310.71793098,309.25176167,310.03982767,48814692
2020-02-20,309.4921218,310.31473442,305.77116736,308.76609308,74163362
2020-02-21,307.40988647,307.72144745,304.76161816,305.58633839,113788208
2020-02-24,296.11121923,298.5945435,294.37014317,295.45144304,161088409
2020-02-25,296.84430388,297.45826228,285.6189451,286.49864669,218913168
2020-02-26,287.90067109,291.50194946,284.71175284,285.4448375,194773819
2020-02-27,279.91004835,285.50320936,272.6250196,272.6250196,284353460
2020-02-28,264.55192483,272.97506752,261.65624045,271.47957482,385764020
2020-03-02,273.26646867,283.30056488,269.83013435,283.23641998,238703625
2020-03-03,283.61212586,287.58911011,272.68000095,275.12667098,300139150
2020-03-04,280.51484319,286.91100681,277.95821046,286.69108141,176613448
2020-03-05,279.47019756,282.66827937,274.91590914,277.1609809,186366809
2020-03-06,268.62970823,273.78879149,265.95394924,272.57920181,228667168
2020-03-09,252.27275687,260.41916009,250.5774986,251.29225614,309417350
2020-03-10,260.83152021,264.38698079,250.62331639,264.29534521,276444060
2020-03-11,257.22107829,258.3573595,248.22246415,251.4113824,256416563
2020-03-12,234.58708957,244.35544259,226.96300916,227.35704216,392220670
2020-03-13,241.08405232,248.7680624,227.73613856,246.79294907,329566100
2020-03-16,221.00669633,235.4118098,217.50621711,219.7879431,297240030
2020-03-17,224.54382979,234.74287006,217.24047392,231.65475095,262070471
2020-03-18,216.48906215,227.59529467,208.94745376,219.92539647,327597130
2020-03-19,219.2381296,226.68810241,212.7961482,220.39273794,289322040
2020-03-20,223.55022207,225.33840263,210.61817401,210.89469678,347158790
2020-03-23,210.33243382,211.70887198,201.17953024,205.50250283,326025170
2020-03-24,216.07488994,224.99735788,215.50340956,224.12170246,235494475
2020-03-25,225.70709965,236.28870419,220.98777777,227.47684536,299430255
2020-03-26,229.99320254,242.23394368,229.55998354,240.75915559,257632816
2020-03-27,233.44973712,240.39967599,231.40346865,233.5879985,224341217
2020-03-30,235.68957153,241.89289893,233.68939019,241.17393974,170961866
2020-03-31,240.16924035,242.72246723,236.16887766,237.57914377,194881060
2020-04-01,228.573719,237.49535737,224.81300937,226.88693012,189554623
2020-04-02,226.00205727,232.90590901,225.44901174,232.12242784,177660430
2020-04-03,231.13616331,233.49582425,226.02970955,228.76728494,135561171
2020-04-06,237.6621006,246.10526241,228.74866574,244.13273334,188061238
2020-04-07,252.75102624,253.50685514,244.16038562,244.38160383,201427189
2020-04-08,246.99013527,254.40094542,244.49608426,252.58511258,153774487
2020-04-09,255.85729865,259.19400671,253.91242186,256.42877904,190282705
2020-04-13,255.45173193,255.79277667,250.17014708,254.08755295,115139268
2020-04-14,258.99122334,262.60445416,253.94984461,261.58131993,134143350
2020-04-15,255.84808123,257.40582615,253.90320444,256.02321231,121775006
2020-04-16,257.30443447,258.11556792,254.1797272,257.25834734,131798325
2020-04-17,263.04689059,264.8166363,260.30009777,264.20828621,146684784
2020-04-20,260.49366371,264.34765368,259.33226809,259.5534863,100224647
2020-04-21,255.07381748,256.28130023,250.73241004,251.67258745,126385698
2020-04-22,256.56704042,259.00965819,255.23973114,257.25834734,93524584
2020-04-23,258.53956949,261.71958131,256.93573744,257.23991249,104709693
2020-04-24,258.7607877,261.4983631,256.7053018,260.82549103,85165953
2020-04-27,262.80723752,265.71072658,262.34636625,264.58620066,77896608
2020-04-28,268.2455186,268.59578078,263.06532544,263.36950048,105283871
2020-04-29,268.71560731,271.80344487,267.68325565,270.2641348,118745579
2020-04-30,268.88152097,270.36912128,266.00568419,267.74777762,122901701
2020-05-01,262.98236861,267.9111104,259.48896432,260.65957737,125180028
2020-05-04,258.77000513,261.68271161,257.28599962,261.37853656,80873213
2020-05-05,264.20828621,266.61403428,261.51071445,263.79350206,79569938
2020-05-06,265.49872579,265.88585766,261.5721025,262.0053215,73632628
2020-05-07,265.23142045,267.10255783,264.65994006,265.16689847,75250412
2020-05-08,268.31004058,270.02448174,267.17629724,269.55439303,76622128
2020-05-11,267.61873367,270.99231142,267.19473209,269.60969759,79514231
2020-05-12,270.79874548,271.21352963,264.0976771,264.23593849,95870786
2020-05-13,263.67367553,264.71524462,257.13391209,259.56270373,144721099
2020-05-14,257.12008596,262.7980201,254.74199016,262.66897614,121977890
2020-05-15,260.2724455,263.92254602,259.32305066,263.87645889,111146276
2020-05-18,270.11665599,273.52710345,269.7940461,271.91405398,120320229
2020-05-19,271.31492132,273.02475376,269.10273918,269.12117403,95189316
2020-05-20,272.66988287,274.55945511,272.43944723,273.69301711,85861691
2020-05-21,273.56397315,274.3751066,270.70528079,271.80344487,78293925
2020-05-22,271.51770468,272.49475179,270.27335223,272.3196207,63958200
2020-05-26,278.30172989,278.54138295,275.31528401,275.6747636,88951442
2020-05-27,278.47686097,279.81338768,273.63771256,279.77651798,104817449
2020-05-28,280.80886964,282.82748584,278.58747008,279.26034215,90767807
2020-05-29,278.79025344,281.09460983,276.0342432,280.5046946,119265702
2020-06-01,279.85947481,282.24217931,279.34329898,281.63843794,56779836
2020-06-02,282.5601805,284.01653373,281.22365379,283.97044661,74267162
2020-06-03,285.96141053,288.70820334,285.68488776,287.74959109,92567574
2020-06-04,286.76332655,288.50541998,284.89218916,286.99376219,75794363
2020-06-05,292.40439099,296.13283963,292.33986901,294.34926779,150524674
2020-06-08,295.16040124,298.10075999,294.61657313,297.90719405,73641217
2020-06-09,295.23414064,297.98544999,294.36770264,295.68579449,77479228
2020-06-10,296.2664923,297.16058258,293.31774569,294.03587532,95000766
2020-06-11,287.08593645,287.72193881,276.53198418,277.08502971,209243560
2020-06-12,284.11792542,284.89218916,275.23232718,280.40330292,194678879
2020-06-15,274.6977165,284.15479512,273.51788602,283.02105177,135782724
2020-06-16,290.79134152,290.93882033,283.59253216,288.46855028,137627502
2020-06-17,289.49168452,289.78664213,286.53289091,287.27028496,83398944
2020-06-18,285.74480103,287.86020019,285.28853846,287.38089406,80828658
2020-06-19,290.85841781,291.0528357,283.7853099,285.73874677,135549624
2020-06-22,285.13697712,287.96992348,283.98898578,287.57182971,74649389
2020-06-23,290.22887417,291.16393163,288.48846376,288.89572295,68471246
2020-06-24,286.84970613,287.46999177,279.68401827,281.52635921,132813492
2020-06-25,280.95236354,284.81294731,278.92486271,284.54446546,89467968
2020-06-26,283.4427641,283.65569798,277.20287571,277.78612937,127961017
2020-06-29,279.04521664,282.00777493,276.74923397,281.86890501,79773260
2020-06-30,281.43377926,287.18299394,281.27639335,285.47952292,113394772
2020-07-01,286.59974027,288.74759503,286.13684054,287.47924976,72396542
2020-07-02,290.92322377,292.27489099,288.39579123,289.06236685,69344217
2020-07-06,292.89517663,294.10797393,292.14527907,293.52472027,61713828
2020-07-07,291.97863516,293.95984602,290.11777824,290.49735602,82909963
2020-07-08,291.26576958,292.83037067,289.4974926,292.71927473,54638596
2020-07-09,293.33030238,293.57101024,287.62737768,291.0528357,83354158
2020-07-10,290.98802974,294.29313382,289.55304057,294.02465198,57550365
2020-07-13,296.37618262,298.76474524,290.82138583,291.47870345,102997484
2020-07-14,290.05297228,296.03363682,288.84943297,295.25596527,93656951
2020-07-15,298.4870054,299.07025906,295.57536608,297.9685577,87196524
2020-07-16,296.0614108,297.440852,295.41335118,296.98721027,54622520
2020-07-17,297.99633168,298.63513331,296.01049183,297.84820377,62774911
2020-07-20,297.57972192,301.00517994,296.82982436,300.25528238,56308749
2020-07-21,302.22723524,302.67161898,299.90347858,300.89408401,57498967
2020-07-22,300.53302222,302.92158484,300.42192628,302.60681302,57792915
2020-07-23,302.24575123,302.94935882,297.6260119,298.9961951,75737989
2020-07-24,297.13533818,298.09816962,295.55777589,297.07053222,73766597
2020-07-27,297.76488182,299.41280486,296.97332327,299.23690297,48292970
2020-07-28,298.50552139,299.62573874,297.04275823,297.33901406,57494979
2020-07-29,298.21852355,301.56065962,298.17686258,300.99592195,48454159
2020-07-30,298.01484767,300.33860433,295.92254088,299.92199457,61861714
2020-07-31,301.71804553,302.39387914,297.48714198,302.2920412,85210755
2020-08-03,303.95848024,305.16201954,303.41225855,304.39360598,53077948
2020-08-04,303.53261248,305.5693713,303.53261248,305.5693713,41917893
2020-08-05,306.87474855,307.72648406,306.6062667,307.46726021,42866354
2020-08-06,306.88391396,309.64288895,306.55997673,309.52253502,43679447
2020-08-07,308.55044558,310.03172472,307.6431621,309.74472689,57308270
2020-08-10,310.19836863,310.85568625,308.24956075,310.67052635,44282089
2020-08-11,311.85554967,312.4943513,307.37468026,308.10606184,69600882
2020-08-12,310.55017242,313.1794429,308.14096448,312.40177135,53826128
2020-08-13,311.6333578,313.15296504,310.91123421,311.83703368,41816146
2020-08-14,311.4481979,312.38325536,310.71681633,311.84629167,47260390
2020-08-17,312.86467109,313.23499087,311.85712353,312.8368971,35480974
2020-08-18,313.23499087,313.93859846,311.6333578,313.51273071,38733908
2020-08-19,313.89230849,314.41075619,311.64261579,312.20735347,68054244
2020-08-20,310.47610847,313.66085863,310.34649654,313.1794429,42207826
2020-08-21,312.8461551,314.51259413,312.50360929,314.29040226,55106628
2020-08-24,316.73451285,317.54921638,314.2629986,317.47515242,48588662
2020-08-25,318.03989009,318.66943373,316.87338277,318.58611178,38463381
2020-08-26,319.17862343,322.04860177,318.63240175,321.78011993,50790237
2020-08-27,322.65037143,323.93723268,320.81728849,322.48372752,58034142
2020-08-28,323.51136493,324.69638824,322.31708362,324.56677632,48588940
2020-08-31,324.35384244,325.23335193,323.15956113,323.391011,66099183
2020-09-01,324.22423052,326.53872918,323.32620504,326.43689124,54999325
2020-09-02,328.35329613,332.13055794,327.20530479,331.15846851,69540035
2020-09-03,329.46425549,329.93641321,317.1696386,319.7618771,148011129
2020-09-04,320.4469687,322.02082779,310.02246673,317.15112261,139156281
2020-09-08,311.72593774,317.21592857,308.18012579,308.48563962,114465322
2020-09-09,312.50360929,317.04928467,311.6333578,314.5774001,91462290
2020-09-10,316.45677301,317.11409063,308.15235181,309.11518325,90569548
2020-09-11,310.90197622,311.9666456,306.4396228,309.27256916,84680194
2020-09-14,312.44806133,315.12362178,309.42143772,313.34608681,65605686
2020-09-15,315.80871338,316.6419329,313.35377094,314.92920389,52920862
2020-09-16,316.16977517,317.60476434,313.40163477,313.67937461,82211256
2020-09-17,308.80966943,312.64210889,308.28288953,310.92049221,91523339
2020-09-18,311.7284366,311.83997732,304.85009199,307.34116814,105877942
2020-09-21,302.74011331,304.06930693,299.04997437,303.92058596,99450829
2020-09-22,305.40779561,307.57354465,302.88883427,307.01584103,63612107
2020-09-23,307.57354465,307.85239646,299.39389161,299.89582486,93112240
2020-09-24,298.5759263,303.75978142,297.25602774,300.69520004,76681332
2020-09-25,299.8400545,306.34659669,298.96631883,305.55651657,71069426
2020-09-28,309.72999864,311.34733912,308.73542719,310.63161948,64584614
2020-09-29,310.42712816,311.17073298,308.24362555,308.93991851,51531594
2020-09-30,309.60916285,314.4425942,309.41396659,311.2822737,104081136
2020-10-01,313.88489058,314.86087191,311.39381443,313.28071166,88698745
2020-10-02,308.31714947,313.2552432,307.8431014,310.30629237,89431112
2020-10-05,312.36979576,315.99486926,312.32332045,315.80896806,45713108
2020-10-06,315.94839396,318.04907759,310.80822563,311.31945394,90128883
2020-10-07,314.28457817,317.54714433,314.25669299,316.73847409,56999597
2020-10-08,318.68114169,319.61064771,317.76093072,319.54558229,45242476
2020-10-09,321.20010302,322.86391881,320.57733398,322.3991658,59528606
2020-10-12,324.94601231,329.06372402,324.45337412,327.58580943,80388533
2020-10-13,327.44638353,327.61843509,324.4812593,325.44794557,73255513
2020-10-14,326.02423931,327.12105642,322.66872255,323.40303231,57958749
2020-10-15,319.48051687,323.48668785,318.94140337,323.00334472,60357659
2020-10-16,324.36042352,326.02423931,322.6315423,322.80814845,89501868
2020-10-19,324.07227665,324.70434075,316.99873577,317.90035662,68425614
2020-10-20,319.24814036,322.42705098,318.48594542,319.17377988,60051880
2020-10-21,319.12730458,324.10453051,318.26286397,318.56960096,63574979
2020-10-22,318.78338735,320.90266109,316.63622842,320.31707229,55399292
2020-10-23,321.54402025,321.59979061,318.94140337,321.40459435,49143511
2020-10-26,318.01189734,318.80197747,311.9608131,315.46505083,91473002
2020-10-27,315.80896806,316.14359023,314.16374239,314.37752878,65994108
2020-10-28,308.68895188,309.37678635,303.1398009,303.63243909,127094307
2020-10-29,303.8648156,309.89266219,302.17311463,306.71839911,90596689
2020-10-30,305.13823886,306.44884236,299.85864462,303.52089837,120448685
2020-11-02,306.92289043,308.93062345,304.17155259,306.92289043,86068299
2020-11-03,310.16686647,314.40541396,307.00979925,312.34191057,93294192
2020-11-04,316.83142469,323.41232737,315.65095203,319.32250084,126959700
2020-11-05,324.6206852,327.36272799,324.26747291,325.55019123,82039749
2020-11-06,325.26204436,326.73066389,323.14277062,325.47583075,74972973
2020-11-09,338.312309,338.69340647,329.10090426,329.56565727,172304203
2020-11-10,328.57108582,330.14195101,325.80115786,329.08231414,85552022
2020-11-11,331.27594836,332.35417536,330.03041029,331.52691499,58649048
2020-11-12,330.51375342,331.57171718,326.49828738,328.31082413,68118563
2020-11-13,330.22560655,333.59971343,329.70508318,332.85610861,62959429
2020-11-16,335.53308597,337.20619682,334.24107259,337.01100056,74541138
2020-11-17,334.59428488,336.40682164,333.07919006,335.1984638,66111009
2020-11-18,335.46802055,336.01642911,331.1272274,331.16440764,70591299
2020-11-19,330.53234354,332.93046909,329.1845598,332.55866668,59940947
2020-11-20,332.29840499,332.50289632,330.20701643,330.28137691,70411890
2020-11-23,332.09391367,333.52535295,329.84915661,332.26122475,63230608
2020-11-24,334.81736633,338.16358803,333.96222078,337.61517947,62415877
2020-11-25,337.53152393,337.55940911,335.99783899,337.0946561,45330890
2020-11-27,338.19147321,338.50750526,337.02029562,338.03345719,28514072
2020-11-30,337.25267212,337.52222887,333.85068006,336.53695248,83872709
2020-12-01,339.79951864,341.76077636,339.20463478,340.21779635,74504969
2020-12-02,339.10238912,341.09153202,338.52609538,340.93351599,45927000
2020-12-03,340.83127033,342.23482443,339.73445322,340.84056539,62881998
2020-12-04,341.42615419,343.77780444,341.33320359,343.77780444,50749859
2020-12-07,343.00631444,343.56401805,341.7979566,343.07137986,48944269
2020-12-08,341.7979566,344.64224505,341.7514813,344.07524637,42458859
2020-12-09,344.73519565,344.89321167,340.15273093,340.98928636,74098312
2020-12-10,339.61361743,341.92808744,338.73988177,340.87774563,57735353
2020-12-11,339.1767496,340.88722659,337.65235972,340.47805804,57698614
2020-12-14,342.65310215,343.73132914,338.77706201,338.95366815,69216174
2020-12-15,341.50051467,343.53613287,340.12484575,343.53613287,64071099
2020-12-16,343.74991926,344.99545734,342.86465772,344.07524637,58420517
2020-12-17,345.72047204,346.20381517,344.89321167,345.99932385,64119472
2020-12-18,346.28869781,346.45672209,342.60149842,344.61778973,136542328
2020-12-21,340.68788861,353.28037462,337.94349211,343.38561171,96386745
2020-12-22,343.71232558,343.82592866,341.67736491,342.80686143,48388462
2020-12-23,343.77766835,345.02851574,342.78557835,343.11490593,46201402
2020-12-24,343.59097471,344.4777695,343.00288975,344.44976546,26457853
2020-12-28,347.00746832,347.80091629,346.38204463,347.40885965,39000402
2020-12-29,348.93974749,349.11710645,346.15801226,346.74609723,53680451
2020-12-30,347.56754924,348.27698507,346.84877873,347.24083537,49455259
2020-12-31,347.04480705,349.73319546,346.53326648,349.00509027,78520702
2021-01-04,350.33994979,350.47063534,340.54786839,344.25373714,110210810
2021-01-05,343.60964408,347.71690415,343.56297067,346.62474636,66426229
2021-01-06,345.11252788,351.89884169,344.56178164,348.69704576,107997675
2021-01-07,351.07738967,354.62456883,350.90003071,353.87779427,68766812
2021-01-08,355.26866188,356.10878326,352.01085787,355.89408558,71677208
2021-01-11,352.71095902,355.2593272,352.58858134,353.49507231,51176719
2021-01-12,353.68176595,354.5872301,351.3200914,353.56974976,52547716
2021-01-13,353.49507231,355.5206983,352.71095902,354.52188733,45303619
2021-01-14,355.26866188,355.77273471,352.94432607,353.28037462,49989113
2021-01-15,351.65613995,352.45892261,348.83706599,350.70400239,107159962
2021-01-19,353.16835844,353.99914513,351.684144,353.45773358,51229172
2021-01-20,355.75406535,359.18922832,355.3620087,358.34910694,61836062
2021-01-21,358.90918786,359.33858323,357.75168729,358.67582081,47955809
2021-01-22,356.81821909,358.56903205,356.43082979,357.40630406,52136931
2021-01-25,358.14374394,359.17055896,353.28037462,358.81584104,70401971
2021-01-26,359.7679786,360.17870461,358.02239307,358.25576012,42665281
2021-01-27,354.92327865,355.01662547,347.25950474,349.49982841,123351078
2021-01-28,351.3200914,356.51950927,350.88136135,352.50559602,94198104
2021-01-29,350.63865962,351.60946654,343.76833367,345.44857643,126765121
2021-02-01,348.85573536,352.23489024,345.7342177,351.19874054,75817597
2021-02-02,354.39120178,357.72368325,351.28097908,356.16479136,64450662
2021-02-03,356.99091071,358.17174798,355.16598038,356.44483182,52427090
2021-02-04,357.48098152,360.54275721,356.55264739,360.4960838,47142555
2021-02-05,362.37235488,362.62439129,360.45351765,361.91495546,48669773
2021-02-08,363.37116585,364.57533983,362.51237511,364.52866642,38365185
2021-02-09,363.68854504,364.88338433,363.27781903,364.28596469,35551059
2021-02-10,366.03155022,366.18090513,361.71892714,364.12727509,59154370
2021-02-11,365.2100982,365.63015889,362.27900806,364.71536006,42913288
2021-02-12,363.91257741,366.75965541,363.83789995,366.51695368,50593270
2021-02-16,367.74913171,367.94516003,365.48080398,366.1995745,50972366
2021-02-17,364.44465428,366.53562305,363.42717394,366.28358663,52806681
2021-02-18,363.66987568,365.46680196,361.94295951,364.72469474,59712773
2021-02-19,365.98487681,366.27425195,363.63253695,364.08060168,83240971
2021-02-22,361.30820113,363.69787972,361.00949131,361.28019709,67413570
2021-02-23,359.06787745,363.06778869,354.90460929,361.71892714,107284127
2021-02-24,360.62676935,366.13423172,359.63729306,365.70483635,72433946
2021-02-25,364.4353196,365.80751785,355.44499403,356.89289655,146670499
2021-02-26,358.77850231,359.9266682,353.06567693,355.0539642,152701639
2021-03-01,359.93600288,364.91138838,355.25185946,363.66054099,105348798
2021-03-02,363.88457336,364.11794041,360.31872484,360.82279767,79595332
2021-03-03,360.12269652,361.09350345,355.94075899,356.04344049,119940211
2021-03-04,355.85674685,358.45178844,347.13815387,351.63747059,183433020
2021-03-05,355.14731102,359.16122427,347.8475897,358.10640521,152039624
2021-03-08,359.06787745,361.88695142,356.04344049,356.32348095,123149245
2021-03-09,360.17870461,363.9685855,356.33272228,361.41088263,113633556
2021-03-10,363.7632225,365.35945312,362.34453753,363.66054099,109899410
2021-03-11,366.13423172,369.32669296,365.6768323,367.34774038,86245040
2021-03-12,365.98487681,367.98249876,365.17275948,367.84247853,64653565
2021-03-15,368.09451494,370.29283255,365.94753808,370.03612879,73592302
2021-03-16,370.65221781,371.36165364,368.79461609,369.56939469,73722506
2021-03-17,368.28120858,371.63235941,367.13304269,370.82957676,97959265
2021-03-18,368.22986783,370.32550394,364.75269879,365.43413057,115349101
2021-03-19,365.13237352,366.71416427,362.57566023,364.75776351,113624490
2021-03-22,365.27285227,369.05641334,365.21666077,367.67035632,73778646
2021-03-23,367.0335193,368.48513308,363.989813,364.77649401,90686552
2021-03-24,366.18128154,367.82020032,362.87534823,362.92217448,97588644
2021-03-25,361.47992596,365.75984528,359.53195392,364.96379902,116128622
2021-03-26,366.11572479,371.24788188,365.51634878,370.84517612,114409114
2021-03-29,369.3654666,371.56630039,367.87639182,370.65787112,108107626
2021-03-30,369.3841971,370.34881786,368.07306207,369.67451985,76262249
2021-03-31,370.24580011,372.73695666,370.21770436,371.17295988,112734214
2021-04-01,373.11156666,375.23747845,372.90553116,375.18128695,99682876
2021-04-05,377.85038325,381.10949031,377.77546125,380.5663058,91684764
2021-04-06,380.00439079,381.39044781,379.66724178,380.34153979,62020953
2021-04-07,380.17296529,381.12822081,379.71406803,380.78170655,55836280
2021-04-08,382.03665007,382.64539133,381.10012506,382.58919983,57863114
2021-04-09,382.46745158,385.53925364,382.34570333,385.37067913,61104559
2021-04-12,384.77130312,385.78275014,384.16256186,385.51115788,56704899
2021-04-13,385.40814013,387.28025364,385.02416488,386.65371841,56550988
2021-04-14,386.62562265,387.68389592,384.79003362,385.33321813,61658197
2021-04-15,387.47786042,389.74425096,387.43103417,389.47265871,60229842
2021-04-16,390.76506323,391.38316974,389.3415452,390.77442848,82037278
2021-04-19,389.83790346,390.28743547,387.52468667,388.85455219,78498496
2021-04-20,387.63706967,388.73832944,384.52780662,386.00751614,81851828
2021-04-21,385.38940963,389.86599921,385.24893088,389.65996371,66792024
2021-04-22,389.49138921,390.32489647,385.03353013,386.10116865,97582788
2021-04-23,386.66308366,391.70158825,386.58816165,390.28743547,73276195
2021-04-26,390.94300298,391.67349249,390.3540224,391.10221223,52182392
2021-04-27,391.40190024,391.59857049,389.87536446,391.01792498,51302156
2021-04-28,391.28951724,392.41334726,390.43727947,390.90554198,51238854
2021-04-29,393.64019503,394.01480504,390.00647797,393.39669853,78544329
2021-04-30,391.12094274,391.9731805,389.91282546,390.81188948,85527030
2021-05-03,392.80668777,393.19066302,391.15372111,391.65476199,68128289
2021-05-04,389.65996371,390.15632197,385.53925364,389.23852745,101591166
2021-05-05,390.88681148,391.12094274,388.79836069,389.3602757,39960661
2021-05-06,389.4351977,392.60065226,387.41698629,392.46953876,74321368
2021-05-07,393.23748927,395.97682495,392.55382601,395.32594006,67733790
2021-05-10,395.68181957,395.90658557,391.28951724,391.41126549,81852446
2021-05-11,386.87848441,388.9107437,384.03144836,387.91802718,116887975
2021-05-12,385.12718263,386.40085665,378.35610676,379.67660703,134811046
2021-05-13,381.23123856,386.17609065,381.18441231,384.23748386,106393963
2021-05-14,386.98150216,390.98982923,386.95340641,390.13759147,82201629
2021-05-17,389.0231267,389.95965171,387.12198091,389.14487495,65129221
2021-05-18,389.40710195,389.65059846,385.63290614,385.79211539,59810238
2021-05-19,381.09075981,384.95860813,379.60168503,384.78066837,106467052
2021-05-20,385.66100189,390.17973509,385.53925364,388.92010895,78022218
2021-05-21,390.40918372,391.65476199,388.14279318,388.60169044,76578662
2021-05-24,390.84935048,393.64019503,390.60585398,392.56319126,51376702
2021-05-25,393.64956028,394.00543979,391.11157748,391.692223,57451396
2021-05-26,392.28223376,392.97526227,391.24269099,392.46953876,43088618
2021-05-27,393.49971628,394.01480504,392.39002779,392.67557426,56707677
2021-05-28,394.24893629,394.5111633,393.14383677,393.37796803,58520164
2021-06-01,395.74737632,395.88785507,392.59128701,393.03145377,54216625
2021-06-02,393.68702128,394.4924328,392.67557426,393.64956028,49097061
2021-06-03,391.32697824,393.33114177,389.85663396,392.18858125,58138763
2021-06-04,394.04290079,396.07516007,392.25619836,395.77547207,55938789
2021-06-07,395.76610682,395.94404657,394.45497179,395.39149681,51555032
2021-06-08,396.25309983,396.34675233,393.64019503,395.47578406,47134279
2021-06-09,396.31865658,396.39357858,394.6610073,394.8857733,48436342
2021-06-10,396.11262107,397.67661785,394.7921208,396.72136234,51020147
2021-06-11,397.27391209,397.48931285,395.98150757,397.37692985,45570828
2021-06-14,397.48931285,398.36964636,396.24373458,398.26662861,42358478
2021-06-15,398.41647262,398.45393362,396.65580558,397.5361391,51508508
2021-06-16,397.67661785,397.90138386,393.26558502,395.31657481,80386082
2021-06-17,394.9045038,396.16881258,392.70367001,395.18546131,90949659
2021-06-18,391.89302956,392.58653994,389.64741269,389.85412219,118676302
2021-06-21,391.62054885,395.62319649,390.80310672,395.43527876,72822028
2021-06-22,395.42588288,398.38558712,394.70239962,397.54935322,57700303
2021-06-23,397.62452032,398.43256655,396.98560003,397.07016301,49445414
2021-06-24,399.22182102,399.84194953,398.96813208,399.41913463,45110288
2021-06-25,400.17080555,401.29295628,399.84194953,400.83791349,58129525
2021-06-28,401.36408314,401.81508569,400.16140967,401.64595973,53159581
2021-06-29,402.03119108,402.67011136,401.32649959,401.86206512,35970515
2021-06-30,401.40166668,402.87682086,401.37347902,402.20031704,64827858
2021-07-01,402.96138384,404.5868722,402.89561264,404.42714213,53441027
2021-07-02,405.59223206,407.87543247,404.51339637,407.51838879,57697668
2021-07-06,407.57476411,407.7908695,404.0325149,406.77611376,68710419
2021-07-07,407.46201347,408.49556098,405.44189787,408.21368439,63549456
2021-07-08,402.87682086,405.64860738,401.69293916,404.88754057,97595232
2021-07-09,406.4002783,409.51031672,404.69398531,409.20964836,76238584
2021-07-12,409.12508538,410.92909558,408.6928746,410.67540665,52889585
2021-07-13,409.88615218,411.38949402,409.01233474,409.27541956,52911312
2021-07-14,410.97607502,411.46466111,408.63649928,409.88615218,64130352
2021-07-15,408.54254042,409.21904424,406.57880014,408.4861651,55126358
2021-07-16,409.67004679,409.71702623,404.88754057,405.2821678,75874662
2021-07-19,400.44328626,405.34690546,396.47822216,399.29698811,147987000
2021-07-20,399.96409605,406.29692354,399.1654457,405.01908298,99608174
2021-07-21,406.22175645,408.43918566,404.9731371,408.29824737,64724389
2021-07-22,408.47676921,409.39756609,407.49020113,409.15327304,47878539
2021-07-23,411.08882565,413.7008821,410.40292594,413.36263018,63766637
2021-07-26,412.77068934,414.38678181,412.7237099,414.37738592,43719187
2021-07-27,413.33444252,413.36263018,409.65125502,412.48881274,67397137
2021-07-28,413.11833714,413.7008821,410.89151204,412.31968678,52472360
2021-07-29,413.2451816,415.11026507,413.24048366,414.02973812,47435342
2021-07-30,411.45526523,413.47538082,411.32372282,412.01901842,68951202
2021-08-02,413.73846564,414.29282295,410.79755317,411.15459686,58783297
2021-08-03,411.95324721,414.62167897,409.75460977,414.49953245,58053896
2021-08-04,413.212296,414.47538502,412.22572792,412.46062508,46732212
2021-08-05,413.62571501,415.1572445,413.30625486,415.07268152,38969659
2021-08-06,415.39214167,416.18139613,415.11026507,415.75858124,46930008
2021-08-09,415.73039358,416.04515578,414.64986663,415.42032932,41222585
2021-08-10,415.87133188,416.65119045,415.18543216,415.93710308,43339275
2021-08-11,417.00823414,417.06648864,415.88072776,416.9706506,44034340
2021-08-12,416.82031641,418.35861095,415.91831131,418.2203035,38942418
2021-08-13,418.67130605,419.00016208,418.18271995,418.9813703,39470251
2021-08-16,417.67534208,420.0994808,416.11562493,419.96793839,73930864
2021-08-17,417.40286137,418.0793652,414.21765585,417.21494364,92673933
2021-08-18,416.2001879,417.764603,412.40424976,412.64854281,89351931
2021-08-19,409.91433984,414.49013656,409.77340155,413.28746309,92812246
2021-08-20,413.63511089,416.90487939,413.14652479,416.57602336,72008712
2021-08-23,418.26728293,421.15182008,416.64696231,420.24041909,54973038
2021-08-24,420.90752703,421.44309256,420.39075328,420.90752703,38744714
2021-08-25,421.09544476,422.30469536,420.7196093,421.79074036,40529711
2021-08-26,421.50886377,421.74376093,419.20687158,419.30083044,57829572
2021-08-27,420.10887668,423.42562461,420.05250136,423.04978915,77235113
2021-08-30,423.72629298,425.69942914,423.48199993,424.91017468,48357355
2021-08-31,424.81621581,425.15446773,423.67931355,424.28065028,59300213
2021-09-01,425.22023893,425.73701269,424.26655645,424.50615156,48721378
2021-09-02,425.93432631,426.62022602,424.60950631,425.81217978,42830867
2021-09-03,424.67527752,426.22559879,424.2712544,425.70882503,47234364
2021-09-07,425.36117723,425.45513609,423.51234865,424.18669142,51671534
2021-09-08,423.65112589,424.38400504,421.74376093,423.66991766,56181907
2021-09-09,423.47260405,425.22963482,421.61221852,421.85651157,57970407
2021-09-10,423.79206419,424.21487908,418.40822123,418.53036775,89948174
2021-09-13,421.53705143,421.80013625,417.28071485,419.60149881,83738649
2021-09-14,421.04846533,421.25517483,416.44448095,417.33709017,78197140
2021-09-15,417.75990506,421.32094604,416.65119045,420.82296406,78792222
2021-09-16,420.29679441,421.27396661,417.19615187,420.15585612,77786735
2021-09-17,419.38115085,419.8053204,415.70501472,416.06320234,118425037
2021-09-20,409.9174568,411.50102314,404.24301077,409.12567364,166445534
2021-09-21,411.47274517,412.7735318,408.2113526,408.73920804,92526112
2021-09-22,411.02029764,414.7718417,408.84949213,412.72640185,102350143
2021-09-23,414.60217388,419.35287288,414.36652412,417.74102857,76395981
2021-09-24,416.1009063,419.1455011,415.88410853,418.42912585,62094837
2021-09-27,417.39226694,418.56108971,416.53450184,417.23202511,61371108
2021-09-28,414.45135803,414.78126769,408.08881473,408.82404195,130436306
2021-09-29,410.2096625,411.95347066,408.94657983,409.51213923,82329213
2021-09-30,410.99201967,411.69896893,404.16760285,404.5069385,140505979
2021-10-01,406.24132067,411.0041792,402.70657439,409.31419344,129240106
2021-10-04,408.14537067,409.05026572,401.88651325,404.03563899,128569957
2021-10-05,405.5437974,410.4924422,404.74258825,408.23963057,90682520
2021-10-06,404.62947637,410.14358631,402.99878008,409.93630878,113032245
2021-10-07,413.22597932,416.32713006,413.04688551,413.48048106,72437499
2021-10-08,414.25341224,414.63987784,412.09486051,412.72640185,74557404
2021-10-11,412.06658254,414.98863947,409.67238106,409.73836299,65233285
2021-10-12,410.66211002,411.06742759,407.93799889,408.72978205,71181163
2021-10-13,409.75721497,411.02029764,406.76917612,410.20023651,72973979
2021-10-14,413.87637264,417.25087709,413.40507314,417.10006125,70236825
2021-10-15,419.22090902,420.64423352,418.59879367,420.27661991,66260210
2021-10-18,418.48568179,421.86018624,417.82586249,421.5208506,62213228
2021-10-19,423.15154688,424.83879911,422.53885753,424.77281718,46996827
2021-10-20,425.23469069,426.7447343,425.12157881,426.44121742,49571569
2021-10-21,425.83795406,427.77876542,425.40435851,427.55348425,41305438
2021-10-22,427.11988871,428.57149118,425.15928277,427.11046272,58845088
2021-10-25,428.20387757,429.73088796,426.42236544,429.40097831,45214507
2021-10-26,430.95626667,432.17221939,429.4104043,429.7874439,56075116
2021-10-27,430.24931742,430.91856271,427.80798598,427.88339391,72437997
2021-10-28,429.3161444,432.08738548,429.30671841,432.01197756,51437944
2021-10-29,429.70260999,433.18080033,429.4104043,432.88859464,70162424
2021-11-01,433.8783236,434.25734266,431.89886568,433.63324786,48433642
2021-11-02,433.80291568,435.69753969,433.67095182,435.38648201,48908417
2021-11-03,434.82092261,438.44992879,434.37790107,438.04461122,52509825
2021-11-04,438.64787458,440.19373696,438.29911295,440.10890305,52847087
2021-11-05,442.3428627,443.63422334,440.11832904,441.63591344,66390563
2021-11-08,442.73875428,443.23833175,441.32777782,442.01295304,50405194
2021-11-09,442.38056666,442.61621641,439.13802607,440.55192458,51149147
2021-11-10,438.85524636,440.55192458,435.51844587,437.00775231,69429653
2021-11-11,438.50648473,438.58189265,437.13029018,437.14914216,34848495
2021-11-12,438.42165082,441.0043721,437.46962582,440.44823869,53466654
2021-11-15,441.73959933,441.89984116,439.46793572,440.59905453,46980500
2021-11-16,440.33512681,443.4786945,440.25971889,442.3428627,48857502
2021-11-17,442.07893497,442.25802878,440.64618448,441.26829983,47858289
2021-11-18,442.30515874,443.03095997,439.57162161,442.76703225,50625607
2021-11-19,442.65392037,443.90757705,441.60763547,441.97524908,57315573
2021-11-22,443.8604471,446.35833447,440.52364661,440.73101839,72761954
2021-11-23,440.40110874,442.16848188,437.79010948,441.31542978,73206538
2021-11-24,439.30769389,442.61621641,438.48763275,442.49367854,61858813
2021-11-26,435.80122558,437.27168003,431.49354811,432.62466692,112669636
2021-11-29,437.43192186,439.77899339,435.22624018,437.93149934,86268818
2021-11-30,435.48074191,437.3942179,429.16532856,429.4104043,148559598
2021-12-01,435.14140627,437.99748127,424.44290752,424.64085332,132485835
2021-12-02,424.85765109,432.71892682,424.4617595,431.14478647,127637758
2021-12-03,432.81318672,433.8783236,423.15154688,427.39324242,137331647
2021-12-06,429.94768573,434.34019711,427.52520628,432.4549991,98977532
2021-12-07,437.75240552,441.96582309,432.32737119,441.40026369,95484688
2021-12-08,441.79615527,443.02153398,440.03349512,442.56908646,72238777
2021-12-09,441.27772582,442.67192401,439.38310181,439.5810476,61272568
2021-12-10,442.29573274,443.86987309,439.73186344,443.71905725,77159757
2021-12-13,443.20062779,443.54938943,439.50563968,439.78841938,87724680
2021-12-14,436.50817483,439.00606221,433.83119365,436.76267657,97264128
2021-12-15,436.81923251,443.83216913,434.29306716,443.58709339,116899251
2021-12-16,445.44401343,445.72679314,438.12001914,439.6753075,116568626
2021-12-17,436.58823741,439.60571434,433.28698522,434.99909595,135636510
2021-12-20,429.90060045,430.77084458,426.74123589,430.37355922,107134822
2021-12-21,433.80723986,438.15846051,431.63162954,438.01657288,69806260
2021-12-22,437.76117515,442.50968117,437.56253247,442.39617106,58890223
2021-12-23,443.39884365,446.65279996,443.29479272,445.14879108,56439745
2021-12-27,446.52983068,451.49589773,446.48253481,451.44860185,56808619
2021-12-28,451.88372392,452.91477403,450.31350082,451.07969402,47274585
2021-12-29,451.18374495,452.67829465,450.18107236,451.65670371,54502964
2021-12-30,452.0823666,453.09449836,449.94459298,450.40809257,55329041
2021-12-31,449.91621545,451.07023484,448.99867544,449.27299153,65237431
2022-01-03,450.54052102,452.0066932,448.22302307,451.87426474,72668233
2022-01-04,453.30260022,454.02149755,449.8594604,451.72291794,71178678
2022-01-05,451.3540101,452.12966248,442.954357,443.04885416,104538940
2022-01-06,442.58535457,445.35689294,440.25839744,442.63265045,86858900
2022-01-07,442.64210962,443.82450654,439.52058176,440.88270301,85111593
2022-01-10,437.67604257,440.55163187,431.90339164,440.33407084,119361989
2022-01-11,440.06921393,444.43935293,437.06119618,444.34476118,74303062
2022-01-12,446.08524944,447.60817667,443.57856798,445.54607645,67605444
2022-01-13,446.65279996,447.30548306,438.37602155,439.40707166,91173121
2022-01-14,436.2477071,439.93678548,435.02747348,439.58679599,95890948
2022-01-18,434.87612667,435.08422853,430.685712,431.80189469,109872376
2022-01-19,433.35319945,434.7554276,427.0439295,427.31824559,109357569
2022-01-20,429.21008065,433.93020914,420.46034347,422.58865792,122379696
2022-01-21,421.46301606,423.82780989,414.26458363,414.29296115,202271241
2022-01-24,408.66475183,416.56316323,398.00426123,416.05236777,252496719
2022-01-25,409.63904689,415.93885766,404.04867427,410.97279061,167997325
2022-01-26,416.88477519,420.0252214,405.66619325,409.9417405,186391088
2022-01-27,414.55781806,417.70772345,406.2242846,407.91747698,149878307
2022-01-28,409.27959823,418.09554964,404.68243902,418.04825376,164457370
2022-01-31,417.37665231,425.92774681,416.02399024,425.57775732,152251425
2022-02-01,426.30611382,429.09657055,422.76686878,428.45334662,123155382
2022-02-02,430.86543633,433.34374027,428.54793838,432.61538377,117360953
2022-02-03,426.56151156,428.47226498,421.60490369,422.44677029,118024442
2022-02-04,422.21029091,428.29254064,419.82657872,424.43319711,118454352
2022-02-07,425.19939031,426.59934826,421.73733214,423.07107586,84472859
2022-02-08,422.56973957,427.47905157,421.14140409,426.55205238,81012036
2022-02-09,430.60057943,433.11672006,430.39720716,432.7951081,92589929
2022-02-10,426.9304194,432.95591408,423.01432081,425.01966598,140103712
2022-02-11,425.10479856,427.18108754,415.20104199,416.63883664,153214597
2022-02-14,416.12804117,417.71718262,411.79573887,415.27671539,123006262
2022-02-15,419.73198697,422.14407668,419.21173233,421.97381152,88659503
2022-02-16,419.92117048,423.8230803,418.03879459,422.44677029,84863585
2022-02-17,419.24956903,422.41385236,412.8173298,413.42271702,102259108
2022-02-18,413.67811476,414.93618508,408.46610915,410.7457704,132642896
2022-02-22,408.53232338,411.94708567,402.82844065,406.3377947,124391830
2022-02-23,409.26067988,409.8282304,398.56235258,399.1299031,132578005
2022-02-24,388.79102446,405.5716015,388.4315758,405.13647943,213942946
2022-02-25,406.3756314,414.1605327,404.72027572,414.07540012,121804459
2022-02-28,408.66475183,414.50106301,407.40668151,413.01597248,145615029
2022-03-01,411.51196361,413.52676795,404.01083757,406.72562089,137785908
2022-03-02,408.98636379,415.93885766,408.22962977,414.20782858,117726525
2022-03-03,416.64829581,417.25368303,410.33902587,412.14572835,105501715
2022-03-04,408.39989492,409.93228133,404.73919407,408.79718029,114083256
2022-03-07,408.21071142,408.92185222,396.67997669,396.74619091,137896560
2022-03-08,396.92591525,404.10542932,392.66928635,393.73817316,164772744
2022-03-09,402.14738003,406.28103965,399.95285135,404.29461283,116990765
2022-03-10,399.66907609,403.36761365,397.70156762,402.46899199,93972655
2022-03-11,404.96621428,405.58106067,396.84078267,397.35157814,95636277
2022-03-14,398.12723051,401.58928868,393.30305109,394.44761131,95729188
2022-03-15,397.06780288,403.75543984,395.79081421,403.12167509,106219117
2022-03-16,406.64048831,412.11735083,401.82576807,412.06059578,144954805
2022-03-17,410.14038318,417.21584633,409.76201617,417.21584633,102676870
2022-03-18,415.59900625,422.10815964,414.85889843,421.78554854,106345544
2022-03-21,421.61475442,423.62632952,418.14194081,421.66219723,88349763
2022-03-22,423.05701582,427.53561698,423.05701582,426.59624936,74650394
2022-03-23,424.0533148,425.55250757,421.01697503,421.10237209,79426098
2022-03-24,423.13292431,427.45970848,422.01327402,427.45021992,64736892
2022-03-25,428.08595356,429.81287181,425.49557619,429.53770352,77101324
2022-03-28,428.93992412,432.59302041,427.04221177,432.59302041,68529767
2022-03-29,436.49281931,438.43797447,433.79806776,437.94456926,86581542
2022-03-30,436.79645328,437.60772532,433.11963559,435.24032915,79666942
2022-03-31,434.47175564,435.29726052,428.08595356,428.54140453,121699948
2022-04-01,430.12599435,430.26832277,426.16926408,429.75594044,89048773
2022-04-04,429.95520023,433.54187659,429.12969536,433.43750241,59601000
2022-04-05,431.93830965,434.41482427,426.81448628,427.96260226,74214501
2022-04-06,424.03433768,425.97000428,420.78924955,423.68326089,106897781
2022-04-07,422.80082465,427.63999116,420.84618092,425.8181873,78097214
2022-04-08,425.05910235,427.58305979,423.13292431,424.67955988,79272711
2022-04-11,421.3965175,422.2409995,416.91791634,417.42081011,89770538
2022-04-12,420.41919564,422.95264164,414.3181453,415.87417454,84363635
2022-04-13,415.62747194,421.3965175,415.44718926,420.63743256,74070394
2022-04-14,420.86515804,421.98490322,415.29537227,415.39974645,97869451
2022-04-18,414.4698674,417.25950456,413.33123998,415.57054057,66002498
2022-04-19,415.46616639,423.00008444,415.29537227,422.27895375,77821013
2022-04-20,424.06280336,424.67955988,420.79873811,421.96583121,65224449
2022-04-21,425.59995037,426.99476896,414.74503569,415.65593762,85417327
2022-04-22,414.56475302,415.67728689,403.68137265,404.25068635,132471772
2022-04-25,402.00189721,406.76515523,397.41892187,406.59436112,119647748
2022-04-26,404.05142656,404.25068635,394.79059025,394.81905594,103996312
2022-04-27,395.90075198,401.29025508,393.7848027,395.92921767,122029990
2022-04-28,400.69247568,407.6665686,396.24234021,405.93016179,105449088
2022-04-29,401.92598872,404.0893808,390.17914922,390.92874561,145491009
2022-05-02,390.99516554,394.64826183,384.30572948,393.28190893,158312526
2022-05-03,393.7848027,397.50431892,392.21919001,395.08473567,100028190
2022-05-04,395.74893499,407.68554572,392.55119479,407.11623201,144247895
2022-05-05,402.83689065,403.26387593,388.49967379,392.64617529,172929106
2022-05-06,390.07477505,393.58554291,384.97941737,390.30250053,151770811
2022-05-09,384.38163797,385.62463957,376.22147484,377.80606466,155586067
2022-05-10,383.8028357,385.31151703,374.62739646,378.67901234,132497200
2022-05-11,377.71117904,383.37585042,371.91366779,372.66326417,142360992
2022-05-12,369.45613028,375.55727551,365.45195721,372.27423313,125090753
2022-05-13,376.42073463,382.55983411,375.37699284,381.17450409,104174421
2022-05-16,379.52349434,383.30943049,377.26521663,379.62786852,78622444
2022-05-17,385.73850231,387.67416891,381.99279766,387.43695487,83029710
2022-05-18,382.86346809,383.14812494,370.57578057,371.81878217,117674545
2022-05-19,368.74448815,373.98217426,367.31171532,369.54152734,98510715
2022-05-20,373.13769226,376.72436861,361.07773023,369.70283289,131432197
2022-05-23,372.73917266,377.38856794,370.41447502,376.61999443,76414878
2022-05-24,372.48298149,374.940519,367.16938689,373.74496021,91448831
2022-05-25,372.24576745,379.02060056,371.84724785,377.04697971,91472866
2022-05-26,378.28049274,386.22241896,378.07174439,384.58089777,82168339
2022-05-27,387.04792384,394.13597438,386.84866404,394.02201675,84768710
2022-05-31,392.39947268,395.16064416,389.05949893,391.81118185,95936980
2022-06-01,393.93661969,394.9518958,386.11804478,388.64200222,86585813
2022-06-02,388.48069667,396.09052322,386.22241896,396.04308041,79609633
2022-06-03,391.30828808,392.86441221,388.56609372,389.54341559,71874281
2022-06-06,393.56656578,395.30202373,389.55508652,390.72948581,57508858
2022-06-07,387.22820651,394.93291868,386.76326698,394.47746771,59272373
2022-06-08,392.76003803,394.55337621,389.3915986,390.18863779,64349966
2022-06-09,388.40478817,390.682043,380.90882436,380.90882436,86289796
2022-06-10,374.68432783,375.53611602,369.81669563,369.86413844,132893850
2022-06-13,360.42301946,362.28277757,354.20801149,355.821067,170004861
2022-06-14,357.57645093,358.61070416,351.63661125,354.74885951,104011831
2022-06-15,358.06036758,364.26588699,353.0883612,359.80626295,125666797
2022-06-16,351.56070275,351.96871091,345.45946264,347.8981179,134473288
2022-06-17,348.31443517,352.00236946,345.13156681,348.64796928,111113904
2022-06-21,354.3942855,358.81123007,354.31804914,357.42468113,76811861
2022-06-22,353.18403316,360.90296541,352.76473314,356.776672,90059424
2022-06-23,358.92081984,361.00779041,355.3472401,360.27401537,79292135
2022-06-24,363.45688373,371.73805919,363.42353032,371.72852964,98050333
2022-06-27,372.6528956,372.94831153,369.2127295,370.30862729,66009617
2022-06-28,371.87147283,374.66362981,362.62781323,362.74216778,86689824
2022-06-29,363.29488145,364.28595423,360.61707903,362.44675186,65675999
2022-06-30,358.53963801,362.74998201,355.03276508,359.50212215,112508273
2022-07-01,358.84458348,363.74277011,356.21442879,363.304411,74839729
2022-07-05,358.19657435,364.0095974,355.35676965,363.99053831,81437965
2022-07-06,364.1334815,367.71659079,361.74156546,365.21984974,70426244
2022-07-07,367.00187484,371.49029099,365.23604997,370.68980913,64525919
2022-07-08,369.05072722,372.26218422,367.51647032,370.38486366,72397765
2022-07-11,367.69753169,368.66954538,365.45808839,366.15374524,58366945
2022-07-12,365.60103158,367.99294762,361.16026315,362.91369961,62219178
2022-07-13,357.45326976,363.95242012,357.03206383,361.00779041,84224649
2022-07-14,356.03336741,360.76002222,353.5842741,360.13107218,89704819
2022-07-15,364.55278152,367.12575893,362.63734278,367.01140438,79060383
2022-07-18,370.10850683,370.78510459,362.75169733,363.98100876,63203626
2022-07-19,367.91671125,374.38727297,367.25917258,373.81550021,78505972
2022-07-20,374.00609113,377.61778906,372.63383651,376.19788671,71843769
2022-07-21,375.6165844,380.07641192,373.20560927,380.02876419,64903856
2022-07-22,380.15264829,381.35337109,374.27291842,376.50283218,72197332
2022-07-25,377.13178222,377.81790953,374.71127754,376.96025039,53631485
2022-07-26,375.31163893,375.52128894,371.60464555,372.50042287,52946393
2022-07-27,375.80717532,383.9263485,375.5117594,382.17291204,82342106
2022-07-28,382.98292345,387.66193052,379.41887325,386.96627367,73966563
2022-07-29,388.40523511,393.59883767,387.63334189,392.60776489,87003672
2022-08-01,389.90137383,393.96096042,389.18665788,391.44516028,69997471
2022-08-02,389.87278519,393.57024903,387.68098962,388.86265332,63435418
2022-08-03,390.99727162,396.12416736,390.71138524,394.9520332,67820555
2022-08-04,394.87579683,395.56192414,393.03659446,394.68520591,45656574
2022-08-05,390.38738068,394.66614682,390.3302034,394.01813769,56814929
2022-08-08,395.71439688,397.97289928,392.45529215,393.56071949,54025965
2022-08-09,392.82694445,393.33201038,390.92103525,391.99787395,44931772
2022-08-10,399.07832661,400.37434486,397.11524014,400.23140167,68665712
2022-08-11,403.09026547,404.95805648,399.48809709,400.23140167,59489704
2022-08-12,402.17542905,407.11173387,401.22247446,407.00690887,61694542
2022-08-15,404.78175988,409.20823399,404.72934738,408.68410896,54048280
2022-08-16,407.60727026,411.41908866,406.79725886,409.48459082,59289039
2022-08-17,405.8728929,409.2939999,404.5673451,406.5780793,63563394
2022-08-18,406.77819976,408.44587031,405.48218151,407.759743,49023206
2022-08-19,404.98664512,405.25347241,401.40353583,402.28025406,68016902
2022-08-22,397.42971516,397.60124698,392.99847627,393.90378314,77695640
2022-08-23,393.47495357,395.87639916,392.39811488,392.95082854,49105249
2022-08-24,392.72211944,395.58107853,392.03599213,394.20872861,49177804
2022-08-25,395.70486733,399.8216312,394.60896955,399.77398347,50942252
2022-08-26,399.65962892,400.20281304,386.1848509,386.24202817,103086976
2022-08-29,383.27833937,386.74709411,382.32528948,383.68810985,65370810
2022-08-30,384.85071446,385.08895311,377.37002086,379.47605053,85652443
2022-08-31,381.11513244,382.36350296,376.45518445,376.58859809,76029671
2022-09-01,374.40633206,378.11332545,371.69041146,377.7702618,78740084
2022-09-02,381.44866654,382.66368366,371.96676829,373.78691158,99632149
2022-09-06,374.63504117,375.57846622,370.14662501,372.37653877,76637400
2022-09-07,372.06206375,379.83817327,371.8428842,379.06628005,70964232
2022-09-08,376.78871856,382.00138021,375.57846622,381.543962,80821681
2022-09-09,383.79293486,388.33852829,383.52610757,387.47133961,76706918
2022-09-12,389.54878063,392.35999669,389.24383516,391.6357512,69256262
2022-09-13,382.92574617,384.13599851,373.4819661,374.60645253,122947081
2022-09-14,375.91200033,377.56061178,372.71960243,376.03588443,85023747
2022-09-15,374.47303889,377.33190268,370.48968867,371.76664783,87633840
2022-09-16,367.57211014,369.59110621,365.62966367,368.93086579,103084819
2022-09-19,365.7731942,371.79190762,365.69511359,371.79190762,73278490
2022-09-20,368.4524307,369.46671309,364.75412746,367.52426663,77274882
2022-09-21,369.45714439,372.51912896,361.10366773,361.11323643,106746554
2022-09-22,360.33817159,361.9839883,357.33359923,358.07995797,89472641
2022-09-23,354.59695052,354.63522533,347.62136693,352.08038196,122346933
2022-09-26,350.60680188,354.24290856,347.37248499,348.59737451,92581244
2022-09-27,352.14736287,354.42471389,345.3057411,347.70748524,108294074
2022-09-28,348.66435542,356.24276723,346.9611265,354.54910701,110802217
2022-09-29,350.98954995,351.27661101,344.18620299,347.14293184,112952315
2022-09-30,346.19563036,350.12836679,341.64092831,341.77489014,153711243
2022-10-03,345.50668383,352.65450406,343.7173366,350.79817592,89756479
2022-10-04,356.33845425,361.69692724,350.75770031,361.66822114,103602775
2022-10-05,357.28575572,363.0939577,354.95099249,360.82617538,88065669
2022-10-06,359.41957622,362.38587377,356.6063779,357.10395039,82333543
2022-10-07,353.05638954,357.19322638,345.37272201,347.14293184,107789498
2022-10-10,348.26246995,348.50168749,342.24375653,344.49240144,76042765
2022-10-11,342.78438818,347.37258068,340.36829098,342.31073744,92482785
2022-10-12,342.72219162,344.29901798,340.93284438,341.18163063,76991799
2022-10-13,334.14385047,351.65935908,333.09607763,350.185779,147254518
2022-10-14,352.65450406,354.29075207,341.5643787,342.20548172,123737013
2022-10-17,348.31031345,352.10899237,341.87134265,350.99911865,93168231
2022-10-18,358.95070983,359.25690829,351.66892778,355.12322912,97162850
2022-10-19,353.07552694,355.81217565,349.78389353,352.60666055,79746863
2022-10-20,352.15693157,356.5968092,348.88443556,349.6499317,88283087
2022-10-21,349.37243935,358.63494267,347.86058447,358.14693888,131038379
2022-10-24,359.67793117,363.66807981,357.01783207,362.5294043,85436907
2022-10-25,362.45285468,368.63423603,362.33898713,368.31846887,78846348
2022-10-26,365.16079729,370.86374355,364.90244234,365.54354536,104087348
2022-10-27,366.54825905,368.39501849,362.96956458,363.5915302,81971756
2022-10-28,363.48627448,372.72007169,363.30446914,372.2416366,100301958
2022-10-31,369.77291154,371.64837709,368.64380473,369.5528314,96631258
2022-11-01,373.3133312,373.55254875,366.75877048,367.9357208,85407598
2022-11-02,367.34246129,371.86845723,358.59666787,358.70192359,126990356
2022-11-03,355.44378063,358.06082057,352.8841529,355.0084047,87100115
2022-11-04,360.74005707,362.5294043,354.04196582,360.11809145,103505182
2022-11-07,361.41943489,364.1560836,359.3334579,363.56282409,68286947
2022-11-08,364.6727935,368.50984291,361.42900359,365.52440795,84641062
2022-11-09,363.54368669,364.7014996,357.49626716,357.99383965,78495470
2022-11-10,371.31347253,378.00199507,369.00932914,377.66709051,141455847
2022-11-11,378.52827367,382.12610554,376.63367072,381.32233459,93839872
2022-11-14,379.55212476,382.9202121,377.80105234,378.07854469,71893165
2022-11-15,383.84847186,384.95844127,377.47571648,381.30319719,93194452
2022-11-16,379.66694918,380.62381936,377.76277753,378.39431185,68508454
2022-11-17,373.61952966,377.91587676,373.3133312,377.23649893,74496255
2022-11-18,380.58554455,380.65252547,376.08825472,378.94929655,92922451
2022-11-21,377.619247,378.74835381,375.72464405,377.57140349,51243189
2022-11-22,379.52341866,382.81505207,378.10983434,382.65238414,60429025
2022-11-23,382.31747958,385.55170078,382.08783073,385.06369699,68261628
2022-11-25,384.49914358,385.53256337,384.21686688,384.97757867,30545434
2022-11-28,381.8773193,383.523136,378.06897599,378.83447213,68021749
2022-11-29,378.96843395,380.16452168,376.33704097,378.18380041,52310039
2022-11-30,378.43258665,390.09683412,376.5092776,390.09683412,144566653
2022-12-01,391.13982262,392.31677294,387.2932045,389.80977307,76398170
2022-12-02,384.90102906,390.26907076,384.79577334,389.36004409,85342731
2022-12-05,386.52770836,387.46544113,380.99699873,382.35575438,77289815
2022-12-06,382.19308645,382.73850246,374.74863647,376.84418216,77972217
2022-12-07,375.9925677,378.57611718,375.06440363,376.20307914,65927896
2022-12-08,378.09768209,380.22193389,376.30680387,379.15023929,60737912
2022-12-09,377.90630806,380.47072013,376.19351044,376.31790356,81447733
2022-12-12,377.11210581,381.74335747,376.44421042,381.74335747,75405835
2022-12-13,392.52728437,392.78563932,381.85818189,384.63310541,123782534
2022-12-14,384.28863214,388.01085714,379.2172202,382.17394905,108111349
2022-12-15,377.29391114,378.20293781,371.15558895,372.82532741,117705889
2022-12-16,370.26009538,371.60106021,366.28045783,368.42407902,119857952
2022-12-19,368.61633204,368.95277483,363.62736612,365.29996741,79878103
2022-12-20,364.54056798,367.42436331,363.21402212,365.79982527,74427240
2022-12-21,368.40485372,372.40371658,367.86654526,371.26942375,78167369
2022-12-22,368.2126007,371.25346675,360.25332558,365.97285299,100120855
2022-12-23,364.94429932,368.22221335,363.38704984,368.07802358,59857329
2022-12-27,367.96267177,368.30872721,364.94429932,366.62651327,51638180
2022-12-28,366.55922471,368.53943084,361.83941301,362.07011664,70911520
2022-12-29,364.92507402,369.46224534,364.39637821,368.58749409,66970877
2022-12-30,365.89595178,367.7608061,363.77155589,367.61661633,84022205
2023-01-03,369.48147064,371.46167677,363.19575809,366.0689795,74850731
2023-01-04,368.33756516,370.93298096,365.28074211,368.89509893,85934098
2023-01-05,366.9341181,367.04946991,364.08877337,364.68475774,76970456
2023-01-06,367.78964405,374.17244439,364.71619111,373.04776421,104189603
2023-01-09,375.24906131,378.45007413,372.65364551,372.83628588,73978071
2023-01-10,372.24991416,375.51821554,371.30787436,375.45092698,65358094
2023-01-11,377.03701442,380.27647784,376.21993907,380.19957663,68881080
2023-01-12,381.30503151,383.04972768,377.21965479,381.58379839,90157699
2023-01-13,378.37317292,383.64090573,378.10401869,383.06414666,63903932
2023-01-17,383.04492136,384.7271353,381.6799249,382.36242313,62677281
2023-01-18,383.55439187,384.62139614,376.12381256,376.32567823,99632262
2023-01-19,374.27818355,375.93155954,372.25952681,373.58607267,86958919
2023-01-20,374.98951973,380.69943449,373.33614374,380.54563207,91806356
2023-01-23,381.35309476,387.04859054,380.39182965,385.11164135,84178797
2023-01-24,383.4294274,385.6114992,382.23745867,384.69829735,59524911
2023-01-25,380.61292063,385.1789299,378.31549701,384.84248712,84800251
2023-01-26,387.51480412,389.23546867,384.53488228,389.0720536,72287425
2023-01-27,388.01946831,392.34996763,387.81279631,389.96603016,68346180
2023-01-30,387.19758664,389.43733435,384.77519856,385.07319074,74202018
2023-01-31,385.5922739,390.7831055,385.24621846,390.73504224,86811786
2023-02-01,389.51519682,397.64653839,386.76501734,394.88770752,101459155
2023-02-02,398.79044387,402.10680851,396.88713895,400.63607289,101654463
2023-02-03,395.64710696,400.81871326,395.16647441,396.37766845,94736781
2023-02-06,393.91682976,395.35872743,392.29229172,393.95528037,60295325
2023-02-07,393.03246586,400.357306,391.78282122,399.10766136,90990745
2023-02-08,397.12745523,398.47322639,394.05140688,394.74351776,76227462
2023-02-09,398.35787457,398.51167699,390.09099462,391.32141396,78694859
2023-02-10,390.13905788,392.61912186,389.32198253,392.23461582,70769715
2023-02-13,392.88827609,396.97365281,392.42686884,396.8390757,64913539
2023-02-14,395.31066417,398.97308424,392.68737168,396.65643533,88389313
2023-02-15,394.45513822,398.02143178,393.60922493,397.94453058,61685279
2023-02-16,392.95556465,396.91597691,392.33074233,392.46531944,76431469
2023-02-17,390.3313109,391.72514531,388.39916803,391.48482903,89257815
2023-02-21,387.44751557,388.50490719,383.3717515,383.63129308,82655924
2023-02-22,384.04463707,385.5922739,381.6414743,383.10259726,83742293
2023-02-23,386.0056179,386.62082757,380.90130016,385.1404793,96242399
2023-02-24,380.10345012,381.86256527,378.39239822,381.02626463,108194413
2023-02-27,384.38107986,385.74607632,381.38193272,382.32397253,80444736
2023-02-28,381.84333997,383.81393345,380.80517365,380.91091281,96438567
2023-03-01,380.09383747,381.32425681,378.14246929,379.44978984,99706823
2023-03-02,377.46958372,383.24678703,377.13314093,382.40087373,85404726
2023-03-03,384.22727744,388.78367407,383.57361717,388.53374514,90119952
2023-03-06,389.36043314,391.6674694,388.36071742,388.80289937,72795946
2023-03-07,388.75483612,388.99515239,382.22303969,382.84305569,108310596
2023-03-08,382.9584075,384.22727744,381.2281303,383.46787801,74746632
2023-03-09,384.2561154,385.92871669,375.40286373,376.39296679,111945322
2023-03-10,375.84504568,377.93099097,369.43340739,370.96181892,189285696
2023-03-13,367.02063196,375.26828661,365.90556443,370.4331231,157789967
2023-03-14,375.37402577,378.20975785,372.05766114,376.55638186,149752357
2023-03-15,370.94259361,374.40314801,368.84703567,374.20128234,172996933
2023-03-16,371.83657017,381.11277849,371.32709966,380.76672305,143759805
2023-03-17,379.43145117,380.57007361,374.92520816,376.3147135,140553411
2023-03-20,377.09631026,380.34813872,376.39190824,379.93321699,93056894
2023-03-21,383.31048691,385.40439427,381.70869604,384.92192713,91524248
2023-03-22,384.74823897,388.3763918,378.32177677,378.36037414,111748133
2023-03-23,381.23587825,385.28860215,376.66208984,379.38320446,119351319
2023-03-24,378.10080682,381.95957895,375.74540229,381.87273486,107770124
2023-03-27,384.15962907,384.93157648,381.68939735,382.58678622,74010408
2023-03-28,381.89203355,382.58678622,379.88497028,381.72799472,62871680
2023-03-29,385.90133541,387.5176003,384.69999225,387.27636674,77497876
2023-03-30,389.92028662,390.17116953,387.67198979,389.54396226,69840049
2023-03-31,390.47029915,395.33356784,390.36415638,395.03443822,112062624
2023-04-03,394.51337372,396.94500806,394.11775067,396.53973567,67391097
2023-04-04,397.18624163,397.47572191,392.95982955,394.33968555,66601534
2023-04-05,393.60633551,394.36863358,391.64751895,393.30720589,65200243
2023-04-06,392.50631045,395.1212823,391.45260223,394.84145137,63743345
2023-04-10,392.35192097,395.3239185,391.73436304,395.24672376,63681042
2023-04-11,395.87393103,396.76167055,394.58091911,395.35286653,59297945
2023-04-12,397.42747519,397.71695547,393.1528164,393.7414263,86420379
2023-04-13,394.83180202,399.32839569,393.6856531,398.97137001,85814754
2023-04-14,398.3345134,400.53456352,395.68094418,397.99678641,78161500
2023-04-17,397.90994232,399.4441878,396.6700018,399.42488912,66436399
2023-04-18,401.00738131,401.14247211,398.30575836,399.68542137,63559997
2023-04-19,397.76520218,400.52491418,397.70730613,399.61787597,55227330
2023-04-20,396.79061858,399.19330489,395.88358037,397.43712453,75840359
2023-04-21,397.73625416,398.20907195,395.78708694,397.7459035,73457422
2023-04-24,397.5432673,398.58539631,396.20200868,398.16082523,64332095
2023-04-25,396.18270999,396.74237187,391.78260975,391.84050581,97766721
2023-04-26,392.45806373,393.53879011,389.621157,390.18081887,80447049
2023-04-27,392.72824533,398.21872129,392.47736242,397.94853969,92968369
2023-04-28,397.06080017,401.35475765,397.00290412,401.3451083,89433137
2023-05-01,400.90123854,402.97584721,400.70342702,400.93983591,62122254
2023-05-02,400.22578456,400.27403127,393.51949142,396.4335929,103998484
2023-05-03,396.93535872,399.35734372,393.47124471,393.71247828,91531769
2023-05-04,392.66069993,392.98877758,389.58255963,390.92381825,94901863
2023-05-05,394.57126977,399.21260358,394.31073752,398.16082523,87891791
2023-05-08,398.48890288,398.74943513,396.85816398,398.266968,50046768
2023-05-09,396.71342384,397.63976073,396.2882738,396.52043698,49220119
2023-05-10,399.36699306,399.99902501,394.5326724,398.37311077,96142922
2023-05-11,397.50466993,397.96783838,395.59410009,397.6783581,70157064
2023-05-12,398.9231233,399.13540884,394.72565925,397.1572936,70481548
2023-05-15,397.76520218,398.93277264,395.844983,398.52750025,54289383
2023-05-16,397.41782585,398.33933807,395.85463234,395.86428169,57705495
2023-05-17,397.89064364,401.27273823,396.23578138,400.66965432,87286957
2023-05-18,400.35122601,404.95396245,400.12929113,404.52939137,97177195
2023-05-19,405.43642958,405.96714343,402.71531496,403.94078147,103793317
2023-05-22,403.96008016,405.64871512,402.71531496,404.1048203,60745399
2023-05-23,402.45478271,404.03920477,399.17400621,399.56962926,86383493
2023-05-24,397.95818904,398.34416274,395.50677354,396.67482647,89213678
2023-05-25,400.19683653,401.56704318,397.94863619,400.10999245,90961606
2023-05-26,400.76614774,406.01539014,400.688953,405.29168944,93829975
2023-05-30,407.23120731,407.76192116,404.05174891,405.44607892,72215960
2023-05-31,403.61270382,404.51974203,401.62493924,403.19778209,110811780
2023-06-01,403.42936631,408.08999881,402.17495177,407.02857112,88865018
2023-06-02,409.61459494,413.70591622,409.0838811,412.91467012,91426171
2023-06-05,413.26204646,414.60330509,411.41902202,412.12342403,70316043
2023-06-06,411.7085023,413.54882492,411.052347,413.02081289,64022175
2023-06-07,413.41643594,414.55505837,411.16813911,411.59271018,85373275
2023-06-08,411.66025558,414.53575969,410.88830817,414.08224058,61952842
2023-06-09,414.88313602,416.84195258,413.83135768,414.82523997,85647268
2023-06-12,415.80947292,418.66567834,415.08577222,418.5884836,76256703
2023-06-13,420.05518368,421.99470155,419.38937903,421.34819559,95899704
2023-06-14,421.68592258,423.66519574,418.3858474,421.84996141,100612080
2023-06-15,421.02976728,428.33431966,420.93327386,427.07990512,110303091
2023-06-16,429.0734745,429.64277021,425.15097084,425.62554535,114165849
2023-06-20,423.67882131,424.56985918,421.33500431,423.41732107,76160359
2023-06-21,422.42943126,423.23330238,420.65704072,421.24783756,76982251
2023-06-22,420.28900334,422.87495019,419.95002154,422.76841306,70637175
2023-06-23,419.30111352,421.36405989,418.85559459,419.57229896,92074537
2023-06-26,419.0008725,420.92822615,417.61588973,417.85801959,72823560
2023-06-27,418.73937226,423.05896888,418.28416813,422.43911645,72813699
2023-06-28,421.3543747,423.66913612,420.73452227,422.65219073,75635976
2023-06-29,422.23572737,424.48269243,421.82894922,424.31804413,67882304
2023-06-30,427.54321381,430.31317936,427.2236024,429.32528955,104964019
2023-07-03,428.97662255,430.10010508,428.69575192,429.81923445,32793378
2023-07-05,427.99841794,429.91511787,427.98873274,429.18001163,58418432
2023-07-06,425.58680458,426.24539778,423.30109874,425.81924924,80658302
2023-07-07,424.82167423,428.70543712,424.50206282,424.74419268,86134178
2023-07-10,424.38584049,425.99358273,423.80957144,425.81924924,62443501
2023-07-11,426.58437958,429.02504853,425.60617496,428.53110362,64463752
2023-07-12,432.33738495,433.39297427,430.9039762,431.97903276,91924527
2023-07-13,433.79984928,436.20177745,433.36401554,435.40759152,72425241
2023-07-14,436.29378679,437.15092648,434.37127574,435.13640608,69815823
2023-07-17,434.99112817,437.70298255,434.9427022,436.64729638,52680221
2023-07-18,436.31799978,440.54074446,435.8806164,439.89183644,80744448
2023-07-19,440.68602237,442.06131995,439.81619508,440.87004106,65891688
2023-07-20,439.87246606,440.77318912,437.22840803,437.94511241,70591642
2023-07-21,439.66907698,439.86762346,437.93542721,437.94511241,71275618
2023-07-24,439.09765052,440.71507795,438.0593977,439.90152164,54023382
2023-07-25,439.6303362,442.35671837,439.58191023,441.10248572,55191240
2023-07-26,440.16302188,442.60369083,439.10733571,441.17028208,71052885
2023-07-27,444.56978525,444.97656341,437.33494517,438.24535343,92194375
2023-07-28,441.52863427,443.36882117,438.24709676,442.53589447,80011790
2023-07-31,443.01046898,443.73685855,441.68843997,443.37850636,62040449
2023-08-01,441.90635684,442.85550588,441.15091169,442.10974592,55502199
2023-08-02,438.98142819,439.24292843,435.20410559,435.95964759,93933369
2023-08-03,433.935442,436.59887041,433.28653398,434.71025753,64419692
2023-08-04,436.53107405,438.63760379,432.22116262,432.74416311,100128902
2023-08-07,434.58435001,436.67150937,433.88701603,436.52138885,58357464
2023-08-08,433.97418277,436.50705477,431.25312746,434.62309079,71361324
2023-08-09,434.89427622,435.05882767,430.95240218,431.71753252,78789575
2023-08-10,434.08071991,437.48022308,430.70058713,431.87249563,93005495
2023-08-11,429.99356795,432.63830393,429.38824331,431.62068058,68690902
2023-08-14,430.70058713,434.00323836,430.39066091,434.00323836,47867441
2023-08-15,432.22116262,432.57951481,428.37614051,428.94756697,75707534
2023-08-16,428.53110362,430.19695703,425.69334171,425.79987885,80107206
2023-08-17,427.27202837,427.53352861,422.0323383,422.55533878,95711315
2023-08-18,419.72726207,423.79504364,419.37859508,422.75872786,98851960
2023-08-21,423.77567326,426.25508298,421.61587494,425.50932302,68718957
2023-08-22,427.29139876,427.29139876,423.79504364,424.35678491,65062861
2023-08-23,425.42215627,429.70301212,425.27687836,429.08315969,68441021
2023-08-24,430.69090193,431.20421723,423.10255226,423.13645044,88517272
2023-08-25,424.8701002,427.40762109,421.30594873,426.11949026,102325103
2023-08-28,428.31802935,429.44151188,426.12220211,428.82165945,61595393
2023-08-29,428.71512231,435.30105438,428.53110362,435.02018375,83081916
2023-08-30,435.35916555,437.4511675,434.65214637,436.81194468,69053911
2023-08-31,437.43179711,438.57465003,435.98870317,436.17272186,66084563
2023-09-01,438.90394663,439.38820634,435.52381385,436.98627818,58944098
2023-09-05,436.54075924,436.86037065,435.02986894,435.0976653,55166210
2023-09-06,434.28410899,434.39064613,429.83860484,432.17273665,70758512
2023-09-07,429.16064124,431.52382864,428.81197425,430.84586504,70355426
2023-09-08,430.89429101,433.03471893,430.53593882,431.49477305,62068437
2023-09-11,434.12914588,434.64246118,432.41476965,434.33253496,60180118
2023-09-12,432.87975583,434.41001651,431.36886553,431.94997718,67565422
2023-09-13,432.17273665,433.61583059,431.06794654,432.45360728,60199272
2023-09-14,434.933017,436.87974104,433.62067318,436.18240706,83430814
2023-09-15,434.59151144,434.92196972,430.48994106,430.92731231,111848859
2023-09-18,430.61629276,432.48241009,430.14004406,431.1800157,55752213
2023-09-19,430.2566764,430.84955742,427.59357146,430.28583448,66514648
2023-09-20,431.54935142,431.96242427,426.12594794,426.33005452,82562602
2023-09-21,423.47256236,423.73498511,419.12800796,419.28351774,104095826
2023-09-22,420.31377001,421.91746459,417.92280718,418.34073971,100829684
2023-09-25,417.12581958,420.13882151,416.68844833,420.09994407,70874534
2023-09-26,417.04806469,417.75757805,413.09228473,413.92814978,96168436
2023-09-27,415.10419247,415.66791541,410.43889915,414.09337892,104705847
2023-09-28,413.53937534,418.17541338,412.94649431,416.49406111,92258308
2023-09-29,419.55565985,419.73060835,413.95730786,415.48324755,115111319
2023-10-02,414.6473825,416.57181599,412.54800051,415.31801841,83798599
2023-10-03,413.13116217,415.3791532,408.38811396,409.75854387,103760607
2023-10-04,410.22507321,413.49068134,408.75744968,412.74238773,87452968
2023-10-05,412.45080689,413.43246236,409.3504279,412.58687795,70142744
2023-10-06,410.1278796,419.02595467,408.79632713,417.48543594,113273309
2023-10-09,415.58044116,420.73170254,415.02653478,420.15826023,80374362
2023-10-10,420.7900187,424.94990525,420.3915249,422.34511648,78607268
2023-10-11,423.4142462,424.32786614,421.02328337,424.07516275,62451736
2023-10-12,424.6874825,425.0616779,419.12800796,421.4898127,81154230
2023-10-13,422.99631367,424.20151444,417.81589421,419.39043071,95201132
2023-10-16,421.64532248,424.87215036,421.40233845,423.80302064,75433194
2023-10-17,420.66366701,425.84408647,420.31377001,423.78358192,75324708
2023-10-18,422.00493884,422.96715559,417.04806469,418.13663313,93559798
2023-10-19,418.85586585,420.67338637,413.77749968,414.46271464,121322957
2023-10-20,414.02534339,414.56962761,409.26285646,409.36976943,123919874
2023-10-23,407.83411038,412.53828114,406.07490602,408.66025607,92035095
2023-10-24,410.78879615,412.8978975,408.93239818,411.74129354,78564239
2023-10-25,410.05012471,410.07928279,405.31193618,405.831922,94223198
2023-10-26,404.76279228,405.61323637,400.04890215,400.97224146,115156761
2023-10-27,402.56621667,402.96471048,397.72597485,399.15472093,107367671
2023-10-30,401.95389693,404.98633758,400.65150254,403.92692723,86562675
2023-10-31,404.50036953,406.78441938,402.5856554,406.46368047,79665150
2023-11-01,407.43561658,411.61494184,406.90095452,410.79851551,98068115
2023-11-02,414.60850506,418.82184808,414.58906633,418.67119799,94938909
2023-11-03,420.98440593,424.04600467,420.85805423,422.49090689,100167775
2023-11-06,423.24901706,423.90973922,421.50925142,423.462843,67831660
2023-11-07,423.462843,425.30466193,422.31595839,424.66804378,64256114
2023-11-08,425.27064416,425.79548966,422.66585539,424.97906333,61746027
2023-11-09,426.12594794,426.16482538,421.23710931,421.6647612,83174417
2023-11-10,423.74470447,428.55578821,421.65844362,428.24476865,89558054
2023-11-13,426.90349682,428.94456265,426.11622858,427.83655549,52236068
2023-11-14,433.79452383,437.42956488,433.57097853,436.13688985,97176935
2023-11-15,437.47816168,438.71252054,436.20492538,437.06022916,77327573
2023-11-16,436.61313855,437.91553293,435.54400883,437.59479402,66665797
2023-11-17,437.60451338,438.75139798,436.68117407,438.13907824,83193902
2023-11-20,437.88637485,442.35242126,437.87665549,441.51169653,70055633
2023-11-21,440.46608767,441.38631677,439.27614629,440.54947978,49244639
2023-11-22,442.21149053,443.57220108,441.1515942,442.25036797,59446573
2023-11-24,442.29896478,442.71689731,441.9685065,442.52251008,29737375
2023-11-27,441.89075161,442.70727514,441.33665084,441.72552248,50505985
2023-11-28,441.33674803,443.46528811,440.77302509,442.16289372,62115011
2023-11-29,444.32059188,445.45775713,441.45338036,441.85187417,63145992
2023-11-30,442.69745858,443.9415368,440.61751531,443.5916398,79752700
2023-12-01,442.97932005,446.75043215,442.38643903,446.2158673,89183400
2023-12-04,442.81409092,446.23588918,441.58945142,443.87350127,72430888
2023-12-05,442.48363264,444.74824377,442.10457756,443.78602702,69793469
2023-12-06,445.93400582,445.96316391,441.56029334,441.99766459,69124685
2023-12-07,444.08732722,446.02148007,443.48472683,445.37028288,66995446
2023-12-08,444.62189208,447.81470219,444.37890805,447.28499701,83194404
2023-12-11,446.7893096,449.19971115,446.57548366,449.02476265,65002247
2023-12-12,448.67486565,451.17274145,447.67377146,451.07554784,68327617
2023-12-13,451.45460292,457.54854512,451.09498656,457.29593893,93277960
2023-12-14,459.23981115,460.43529256,456.08101879,458.76356245,119026049
2023-12-15,458.16444311,459.34525416,456.15052597,458.00830281,141553673
2023-12-18,459.61849969,461.57025348,458.55762391,460.58461781,70375285
2023-12-19,461.13110887,463.46345465,461.05303872,463.3853845,55761805
2023-12-20,462.52661283,464.41493462,456.5347287,456.96411453,102920959
2023-12-21,459.9600566,461.56537409,457.53012313,461.29700794,86667465
2023-12-22,462.42902514,463.91235802,460.32113105,462.22409099,67160419
2023-12-26,462.63395929,465.08341029,462.55588914,464.17584478,55386952
2023-12-27,463.97091064,465.16148045,463.43417834,465.01509891,68000311
2023-12-28,465.37617336,466.03001088,464.77112969,465.19075675,77158116
2023-12-29,464.99558137,465.5225549,461.88253408,463.84404664,122283149
2024-01-02,460.77003442,462.24360853,459.14032001,461.2482141,123007793
2024-01-03,459.08176739,459.82343383,456.87628561,457.48132929,103585866
2024-01-04,457.00314961,459.59898215,455.78330349,456.00775518,84232169
2024-01-05,456.21268933,459.09152616,455.17825982,456.63231639,86118913
2024-01-08,457.13001361,463.29755558,457.00314961,463.15117404,74879074
2024-01-09,460.48703012,463.47321342,459.97957414,462.44854268,65931439
2024-01-10,462.72178821,465.93056903,462.43878391,465.06389276,67310640
2024-01-11,466.06904596,466.58626071,460.86762211,464.85895861,77940723
2024-01-12,466.31301518,467.05468162,463.76597649,465.18099798,58026420
2024-01-16,463.79525279,465.11249143,461.64832363,463.47321342,85014870
2024-01-17,460.43823628,461.38483687,458.53527633,460.89689842,68843871
2024-01-18,462.57540668,465.5518312,461.02376241,464.99558137,91856248
2024-01-19,466.12759857,471.07529443,465.04183794,470.79229013,110834483
2024-01-22,472.33417562,473.51498666,471.13384704,471.78768456,75844931
2024-01-23,472.33417562,473.40276082,471.2411935,473.16367098,49945297
2024-01-24,476.04250782,476.97934964,473.18504268,473.68088573,81765039
2024-01-25,475.81317675,476.52556688,473.68088573,476.25720073,72524989
2024-01-26,475.8278149,477.32090655,474.80314416,475.65215706,76641609
2024-01-29,475.96443767,479.56054402,475.41794661,479.41904187,61322751
2024-01-30,478.72616928,479.76059879,478.28702467,479.04820865,58618386
2024-01-31,476.8329681,477.28314011,471.21191719,471.23143473,126011062
2024-02-01,472.93921929,477.42825301,472.12924147,477.3989767,91891637
2024-02-02,477.8381213,484.08373343,477.49656439,482.42474271,99228192
2024-02-05,481.78554334,482.45187208,478.4041299,480.6681643,75757102
2024-02-06,481.61476488,482.3954664,480.18022585,482.06366826,55918602
2024-02-07,484.31794388,486.50390813,483.41037837,486.08428106,70556506
2024-02-08,486.08428106,486.67956597,485.26454447,486.29897398,52343636
2024-02-09,486.80642996,489.54864404,486.46487305,489.10949943,63979375
2024-02-12,489.08022313,491.35401629,488.17265761,488.89480652,56502283
2024-02-13,482.60040055,485.0986454,478.8774302,482.16125595,113099199
2024-02-14,484.80588233,487.03088165,482.47353655,486.5429432,68387827
2024-02-15,487.24557456,490.08537633,486.7625155,489.89995972,61682960
2024-02-16,489.59743788,490.73921385,486.71860104,487.46026748,75532928
2024-02-20,485.71344784,486.3868029,482.5223304,484.77660602,71736740
2024-02-21,483.46893098,485.37189093,481.65379996,485.21575062,59603771
2024-02-22,491.85171351,496.22364199,490.88559538,495.25752387,76402535
2024-02-23,496.98482597,497.8240801,494.86717311,495.59908078,61321818
2024-02-26,496.03822538,496.47736998,493.65708576,493.78394976,50386738
2024-02-27,494.47682235,494.92572572,492.57386241,494.70127404,48854528
2024-02-28,493.13987101,494.62808327,492.77879656,494.04743652,56506634
2024-02-29,495.8137737,497.44348811,493.15938854,495.82353247,83924795
2024-03-01,496.70182167,500.90785109,496.29195338,500.47846525,76844844
2024-03-04,499.6782462,501.79589906,499.64896989,499.94173296,49799257
2024-03-05,497.93142656,498.38032993,492.73000271,494.94524326,72855623
2024-03-06,498.23394839,499.7163054,496.15533061,497.45324688,68382367
2024-03-07,500.76146955,503.44513101,497.50721287,502.39118396,58652085
2024-03-08,503.02550395,505.71902176,498.79995699,499.37572436,86532535
2024-03-11,498.16563701,499.53186466,496.23340076,498.94633853,62557183
2024-03-12,501.06399139,504.89918758,498.53647023,504.31366145,73114439
2024-03-13,504.63570082,504.81135866,502.07890336,503.52320116,55104088
2024-03-14,504.49907806,504.65033897,499.47331205,502.52780673,110171820
2024-03-15,499.4490789,500.90765307,497.40511724,499.07709354,107646297
2024-03-18,503.1591434,504.60792848,501.63204561,502.04318732,88893331
2024-03-19,501.34816205,505.11206653,500.33988594,504.83307752,60755263
2024-03-20,504.89181205,509.63951992,504.21636495,509.50247268,69594574
2024-03-21,512.3510974,513.05591177,510.90231232,511.18619588,60256112
2024-03-22,511.09809409,511.58265396,509.98213801,510.21707613,79070842
2024-03-25,508.83681467,509.96255983,508.65082199,508.8074474,48512108
2024-03-26,510.23665431,510.5792724,507.46634229,507.86769492,65463744
2024-03-27,510.70653055,512.17489381,508.52845838,512.13573746,82999777
2024-03-28,512.17489381,513.54536619,511.75396301,512.03784657,96294886
2024-04-01,512.78181729,513.32021715,509.98213801,511.14703953,62477540
2024-04-02,507.30971688,508.03410942,505.58683732,507.89706218,74230308
2024-04-03,506.80068428,509.96255983,506.7468443,508.45504022,59155759
2024-04-04,512.47835555,512.81842848,501.9404019,502.24875818,96858074
2024-04-05,503.60944147,509.46331633,503.16893249,507.49570956,74546483
2024-04-08,508.20052392,509.20880003,506.96709879,507.77959312,48401752
2024-04-09,509.52205086,509.76677807,503.50176149,508.36693843,68124385
2024-04-10,502.6501108,505.27358649,501.28942752,503.27661246,82652806
2024-04-11,504.80371025,508.52356384,501.27963843,507.07477876,70099007
2024-04-12,503.52133967,504.93586294,498.34291191,500.07558056,92561094
2024-04-15,504.26531039,504.43172489,492.95891329,493.81056398,92101447
2024-04-16,494.29022932,495.81732711,491.61780818,492.90996785,73484020
2024-04-17,495.37681813,495.54323263,488.59297987,489.99281951,75910305
2024-04-18,491.39265915,493.49731316,488.04479092,488.98454341,74548085
2024-04-19,488.9062307,489.89982317,483.44391938,484.71650087,102212587
2024-04-22,487.33018747,491.78422269,484.98080625,489.18032518,67961048
2024-04-23,491.19687738,495.41597448,488.99707344,494.98525459,64633620
2024-04-24,495.87606164,496.6689778,492.51840432,494.75031647,55928076
2024-04-25,488.6517144,493.63436039,486.99735846,492.8708115,69122368
2024-04-26,495.67049078,499.12603898,495.03420003,497.54020666,64306118
2024-04-29,499.33160984,499.97768967,496.55150873,499.30224257,46415449
2024-04-30,497.83387931,498.81278815,491.39265915,491.39265915,77483566
2024-05-01,490.80531385,497.47168304,489.32226696,489.79703774,80242839
2024-05-02,493.51689133,495.22019271,489.01391067,494.37833111,62550179
2024-05-03,500.3790423,501.73972558,497.83387931,500.50630045,72756709
2024-05-06,502.91441619,505.71409547,502.47390721,505.67493912,47264703
2024-05-07,506.64405887,507.6327568,505.55747006,506.23291716,52561299
2024-05-08,504.39256854,506.82026246,504.27509948,506.2818626,42047214
2024-05-09,506.46785528,509.23562213,505.80709181,509.19901094,43643668
2024-05-10,510.80442144,511.61202123,508.63124381,509.85487986,52233171
2024-05-13,511.53860306,511.64628304,508.77808014,509.92340348,36716361
2024-05-14,510.11918525,512.78181729,509.58078539,512.26299561,57535867
2024-05-15,514.73963497,518.89999754,514.10334422,518.60632488,59504897
2024-05-16,518.70421577,520.3113883,517.39247792,517.53931425,50244827
2024-05-17,517.65678331,518.35180859,516.19820914,518.28328497,59187585
2024-05-20,518.40075403,520.34888051,518.00919049,518.88041936,37764206
2024-05-21,518.11687046,520.30962626,517.91129961,520.15300085,33437001
2024-05-22,519.45797557,520.17257903,516.47230361,518.65527033,48389968
2024-05-23,521.71925499,521.82693497,513.65304616,514.86689312,57211197
2024-05-24,516.71703082,519.08599022,515.76846816,518.27349588,41291076
2024-05-28,519.08599022,519.32092834,515.99263828,518.63569215,36269602
2024-05-29,514.59279864,516.18842005,514.2893369,515.00394036,45190323
2024-05-30,513.45726439,514.1229224,510.33454519,511.58754851,46468510
2024-05-31,512.54687917,516.37441273,507.42718594,516.24715458,90785755
2024-06-03,517.86235417,518.14623773,511.57775942,516.66808538,46835702
2024-06-04,515.35634754,517.98961232,513.88798428,517.2456416,34632661
2024-06-05,519.57544464,523.41276729,517.57396762,523.39318911,47610365
2024-06-06,523.69665085,524.12737074,521.44516052,523.38340002,30808530
2024-06-07,522.40449118,525.56636673,521.30321874,522.74710927,43224525
2024-06-10,521.93461494,524.68534878,521.33748055,524.36230886,35729252
2024-06-11,522.8058438,525.68383579,520.82844795,525.62510126,36383411
2024-06-12,530.20639463,532.64387764,528.90444587,529.94208924,63251305
2024-06-13,531.69433607,531.86564511,528.2094206,531.00909988,44760949
2024-06-14,529.472213,531.36150706,528.4639369,531.3321398,40089895
2024-06-17,530.64690361,536.96086562,530.18407551,535.56102598,55909364
2024-06-18,535.61976051,537.04896742,535.19882971,536.92170927,41376417
2024-06-20,537.85167267,538.51733068,533.68152101,535.4631351,70328226
2024-06-21,534.63723716,535.86482082,533.28198479,534.74526452,64513859
2024-06-24,534.56849247,537.14150783,532.88915802,533.00700605,45528654
2024-06-25,534.23458972,535.4228907,532.71238597,535.05952594,38273346
2024-06-26,533.93996964,536.44424031,533.29180546,535.72733145,38550637
2024-06-27,535.58984208,537.1513285,534.84347121,536.57190901,35041480
2024-06-28,537.34774189,540.41179071,533.21324011,534.46046511,76144535
2024-07-01,535.84517948,536.09069621,532.79095133,535.56038007,40297810
2024-07-02,533.94979031,539.16456571,533.90068696,539.16456571,40434792
2024-07-03,538.85030429,541.93399445,538.81102161,541.57062969,32789911
2024-07-05,541.87507044,545.09624997,541.23672693,544.69360253,41488389
2024-07-08,545.47925607,546.27482849,544.25167241,545.32212536,36110451
2024-07-09,546.28455096,547.18805253,545.55782143,545.85244151,27314125
2024-07-10,547.08002517,551.59753305,546.78540509,551.25380963,38701220
2024-07-11,551.37165766,552.24569723,545.86226218,546.50060568,53054184
2024-07-12,547.62998265,553.56166691,547.15859053,549.94766061,53084405
2024-07-15,551.95107715,554.70783723,549.59411651,551.46004368,40584293
2024-07-16,552.77110303,555.02494664,552.01982183,554.73032656,36475260
2024-07-17,548.77900096,550.45833541,546.62827438,546.95235647,57118956
2024-07-18,548.49420155,549.48608915,540.55910075,542.74911001,56270392
2024-07-19,542.51341394,544.14364505,538.08429208,539.14492437,65509081
2024-07-22,543.08301276,545.3123047,541.13852024,544.7034232,43346720
2024-07-23,544.59539584,546.75103275,543.35308117,543.84902497,34439561
2024-07-24,539.01725567,539.32169642,530.60094207,531.52408499,74515266
2024-07-25,531.64193302,537.63745163,527.81187199,528.75465624,61158288
2024-07-26,532.55525526,537.37720389,531.77942239,534.67651983,53763788
2024-07-29,536.22818558,537.23971452,532.98736471,534.99078125,39515824
2024-07-30,536.46388165,537.52451393,528.85777327,532.28027652,46853632
2024-07-31,539.1351037,543.57404623,537.76011179,540.93228618,65663388
2024-08-01,542.66072398,544.91829944,529.75636451,533.27216412,76428732
2024-08-02,526.1423582,527.3601212,519.12057965,523.34346745,82789070
2024-08-05,502.4647245,514.19060366,501.11929281,508.10178869,146267391
2024-08-06,509.90879184,520.24995662,508.58300148,512.78624795,84826312
2024-08-07,518.99291095,522.05695977,508.76163946,509.35883436,70698340
2024-08-08,514.51468574,521.76233969,512.4818072,521.13381686,63276589
2024-08-09,520.30888064,524.92459521,519.08129697,523.43185348,45619558
2024-08-12,524.62997513,526.12271687,521.42843694,523.70683222,42542069
2024-08-13,526.90837041,532.55525526,526.66285368,532.3195592,52333073
2024-08-14,533.11503341,535.18719464,530.43399069,533.99889365,42446929
2024-08-15,539.6457785,543.43655686,539.03689701,543.15175745,60846812
2024-08-16,541.53134701,545.06678796,541.3742163,544.36952044,44430728
2024-08-19,544.78198855,549.57447517,543.92759032,549.57447517,39121793
2024-08-20,549.12272439,550.7824175,547.33045224,548.68079427,33732264
2024-08-21,549.73160588,552.0296425,544.78198855,550.56636278,41514600
2024-08-22,552.47157262,553.08045412,545.02750529,546.24526828,56121456
2024-08-23,549.49590982,552.99206809,547.2960799,552.04928384,50639393
2024-08-26,553.08045412,553.79736298,549.02451769,550.73331415,35788609
2024-08-27,549.45662714,551.98053916,548.30760883,551.48950569,32693898
2024-08-28,551.14578226,551.57789171,545.0864293,548.2879675,41066024
2024-08-29,550.26192203,553.57148758,547.18805253,548.33707084,38715176
2024-08-30,550.71367281,554.08216239,547.14876986,553.57148758,62700110
2024-09-03,550.41905274,550.75295549,539.65559917,542.17951119,60600113
2024-09-04,540.33322536,544.48736847,539.60649583,541.06977555,47224939
2024-09-05,541.01085154,543.86817527,537.28881787,539.75380587,44264258
2024-09-06,540.07788795,541.70811906,529.76618518,530.66968676,68493805
2024-09-09,534.88275389,537.8878787,532.94808204,536.61119169,40445822
2024-09-10,538.5262222,539.30205508,533.63552889,538.94851098,36394579
2024-09-11,538.86012496,545.40069072,530.27685998,544.4775478,75248608
2024-09-12,545.05696729,549.36824112,542.82767536,549.06380037,51892735
2024-09-13,549.67268187,552.93314408,549.41734447,551.93143581,39310501
2024-09-16,551.66627774,553.01170943,549.85927458,552.74655136,36656122
2024-09-17,554.96602263,556.41948168,550.73822449,552.97242676,49320970
2024-09-18,553.6304116,558.49164291,550.77259683,551.33237498,59044937
2024-09-19,560.77003819,562.60650335,557.89258208,560.74057618,75315470
2024-09-20,559.36691543,560.81498067,556.73675611,559.77079757,77503110
2024-09-23,560.84453302,561.82222332,559.62303581,561.16960889,44116922
2024-09-24,561.96752239,562.83439137,559.13049661,562.77528667,46805672
2024-09-25,562.61767413,563.35648292,560.42094931,561.53408789,38428587
2024-09-26,565.80932812,566.13440399,561.39617692,563.76036506,48336004
2024-09-27,564.83410051,565.65171558,561.90841768,562.94275,42100928
2024-09-30,561.90841768,565.80932812,559.60333424,565.19857952,63655448
2024-10-01,564.8439513,565.49627021,557.55437118,560.13527657,72668778
2024-10-02,559.23885523,561.39617692,556.83526395,560.37169539,38097798
2024-10-03,558.8940778,561.30013177,557.0519812,559.34721386,40846466
2024-10-04,563.80961898,564.80454816,559.62303581,564.43021837,43005186
2024-10-07,562.77528667,563.4253399,558.17497057,559.32751229,49964690
2024-10-08,561.90841768,565.21828109,561.0315994,564.61738327,37398693
2024-10-09,564.60753248,569.08963918,564.00663466,568.52814449,37912244
2024-10-10,567.17858709,568.96157899,565.91768675,567.53321531,44138060
2024-10-11,567.45440904,571.67054457,567.31649807,570.93173577,42267994
2024-10-14,572.54726434,576.53683184,572.06457593,575.60100736,36217215
2024-10-15,575.86697853,576.17235283,569.91217964,571.12875145,54203636
2024-10-16,571.12875145,574.13324056,570.32098717,573.61114901,30725436
2024-10-17,577.16728201,577.37414847,573.47323803,573.66040293,34393714
2024-10-18,575.35473777,576.65504125,573.88697096,575.86697853,37416801
2024-10-21,575.13802052,576.12309891,571.93661424,574.92130327,36439010
2024-10-22,572.37980101,575.77832147,571.71979849,574.61592897,34183835
2024-10-23,572.58666748,573.02857365,565.84380587,569.36546113,49314574
2024-10-24,571.32576713,571.4045734,567.96664981,570.59680912,34979860
2024-10-25,572.83293708,575.73891834,569.45411818,570.39979344,47268176
2024-10-28,573.88697096,574.01503115,571.85770947,572.16308377,30174704
2024-10-29,571.19770694,574.20909159,569.79889562,573.08905746,42899661
2024-10-30,572.61621983,574.61592897,570.64606304,571.35531948,41435839
2024-10-31,566.97172063,567.04067612,559.95796246,560.15497814,60182451
2024-11-01,562.79498824,566.96186985,562.10543336,562.51916629,45667533
2024-11-04,562.65707726,563.95738074,559.41616935,561.30751986,38216975
2024-11-05,562.22364277,568.13411314,562.00692552,568.09471,39478322
2024-11-06,580.40818993,583.09745394,576.65504125,582.22073417,68181968
2024-11-07,584.2302941,587.74702397,584.15138932,586.72254244,47233212
2024-11-08,587.27418634,590.69240836,587.26926094,589.26404469,46444893
2024-11-11,590.85987169,591.21449991,588.0918014,589.82553938,37586773
2024-11-12,589.74673311,590.34763093,585.50104523,587.99329356,43006128
2024-11-13,588.45628041,590.28852622,586.08224148,588.2789663,47388640
2024-11-14,588.40702649,588.8897149,583.80671039,584.49626526,38904109
2024-11-15,580.92043069,581.39326832,575.1478713,577.00966947,75988766
2024-11-18,577.47265631,580.69386266,576.60578733,579.37385761,37084081
2024-11-19,575.98518794,582.22565957,575.31533463,581.49177616,49412046
2024-11-20,581.57058243,581.97446458,575.90638167,581.68879184,50032576
2024-11-21,584.54551918,586.23985402,578.68430274,584.81149035,46750285
2024-11-22,584.80163957,587.25448477,584.30171228,586.6240346,38226390
2024-11-25,590.57419896,591.89420401,586.31866029,588.61389295,42441393
2024-11-26,589.86494251,592.35719085,589.14583529,591.68733754,45621288
2024-11-27,591.50017265,591.88435322,588.36762335,589.89449487,34000163
2024-11-29,590.71210993,594.34704921,590.43678052,593.55898649,30177351
2024-12-02,593.97271942,595.30257525,593.48018022,594.62287116,31745989
2024-12-03,594.38645234,595.14496271,593.35310511,594.89869311,26906629
2024-12-04,596.59302795,598.83900669,595.92317464,598.59273709,42787561
2024-12-05,598.59273709,599.40050137,597.25795586,597.60765869,28762183
2024-12-06,598.37601984,599.98169762,597.96228691,598.74049885,31241549
2024-12-09,598.62228944,598.78975277,595.06615644,595.65720347,34742738
2024-12-10,596.33690756,596.76049127,593.14525357,593.80525609,37234515
2024-12-11,596.74078971,599.35617284,596.46496776,598.39572141,28677723
2024-12-12,597.52885242,598.10019789,595.31242603,595.31242603,31543812
2024-12-13,597.35153831,598.07064554,593.81510687,595.19421663,35904730
2024-12-16,596.95750695,598.71045396,596.17929502,597.73571888,43695179
2024-12-17,595.17451506,596.13989189,593.88898775,595.2730229,55773545
2024-12-18,594.9676486,597.3564637,577.14758044,577.53176102,108248729
2024-12-19,582.53595926,584.15148783,577.10817731,577.35444691,85919452
2024-12-20,575.0174417,588.83517695,574.16742365,584.28856878,125716674
2024-12-23,584.03158658,588.39040006,580.84006533,587.78748028,57635828
2024-12-24,589.1415788,594.36029426,588.55842689,594.32075854,33160097
2024-12-26,592.541651,595.48706237,591.14060381,594.36029426,41338891
2024-12-27,590.60440056,590.83776017,583.90774093,588.10376607,64969310
2024-12-30,581.06640735,584.8717207,577.62679943,581.39257706,56578757
2024-12-31,583.0580194,583.78438947,577.63668336,579.27741587,57052654
2025-01-02,582.54899696,584.26880092,573.76218249,577.85412984,50203975
2025-01-03,580.71058584,585.72173875,579.62335345,585.07928325,37888459
2025-01-06,589.34914135,592.73932961,586.71013183,588.44970365,47679442
2025-01-07,590.48579339,590.81196311,579.96929103,581.79781822,60393052
2025-01-08,581.86700574,583.72508589,578.402688,582.64783627,47304672
2025-01-10,579.07973726,579.14892477,571.83481599,573.75229856,73105046
2025-01-13,569.08708323,574.99767384,568.67195813,574.64185233,47910060
2025-01-14,577.57737978,578.20995135,571.63713737,575.43256679,48420580
2025-01-15,583.47314449,587.04618548,582.35626031,585.8996495,56900159
2025-01-16,587.27845785,587.45142664,584.07112231,584.77288139,43319662
2025-01-17,590.03113257,592.40327596,588.69680192,590.64393628,58070628
2025-01-21,593.6980709,596.06033036,591.72128474,596.05044643,42532853
2025-01-22,598.88713456,600.76508141,598.33363444,599.40109897,48195973
2025-01-23,598.76852739,602.67268006,598.49177733,602.67268006,41152102
2025-01-24,602.73198364,603.69072493,599.75692047,600.91334038,34604693
2025-01-27,587.90608745,592.72944568,587.73806063,592.4131599,70361125
2025-01-28,593.64865124,598.34351837,590.31776657,597.50338425,44433322
2025-01-29,596.71266979,597.11791095,592.26490093,594.82483901,37177429
2025-01-30,596.94988413,599.55924186,593.74254859,598.01734865,39281255
2025-01-31,600.44879563,602.8802426,594.07366027,594.83472294,66671471
2025-02-03,585.79092626,593.32248153,583.63622935,590.83173097,65857248
2025-02-04,590.89103455,595.30915162,590.34741836,594.79518722,33457815
2025-02-05,593.66841911,597.35512529,591.63232936,597.20686633,30653149
2025-02-06,598.95632208,599.41345388,595.63532133,599.2824918,35771503
2025-02-07,599.84587585,601.07148327,593.08526719,593.79691021,50788516
2025-02-10,597.01907164,598.47191063,595.74404457,597.82955397,26048714
2025-02-11,595.55624989,598.82783098,595.43764272,598.28421479,30056740
2025-02-12,592.24513307,597.53303605,591.56314185,596.35684828,45076076
2025-02-13,597.46384853,602.86047474,596.19870539,602.6529122,40921297
2025-02-14,602.86047474,603.89828748,602.00057276,602.6232604,26910448
2025-02-18,603.78956424,604.39248402,601.31858154,604.39248402,26749030
2025-02-19,602.99884977,606.11228797,602.48488537,605.81577005,31011072
2025-02-20,604.44190367,604.58423227,599.97436695,603.2953677,36554002
2025-02-21,603.07792122,603.21629625,592.5119992,592.97654395,76519818
2025-02-24,595.03240156,596.03067857,589.56658783,590.27823084,50737213
2025-02-25,590.21892726,590.95033814,582.71702379,587.3427034,58266472
2025-02-26,589.0130877,592.62072244,584.98597894,587.63922132,43321578
2025-02-27,589.92240934,591.07882924,577.86401377,578.259371,74196664
2025-02-28,578.76345147,587.81713208,575.67966506,587.28339981,88744106
2025-03-03,589.26018597,590.40672194,573.16914664,576.99422786,74249199
2025-03-04,572.98135196,578.59542465,565.60793959,570.16443168,109648212
2025-03-05,569.99640486,578.09134418,566.42781165,576.29246877,71230528
2025-03-06,568.80044923,573.43957099,563.50266233,566.0626004,80094868
2025-03-07,564.27360893,570.68828001,559.0647774,569.23534219,81158816
2025-03-10,561.00202784,562.92939434,549.14131089,554.07339235,99326624
2025-03-11,552.90708852,557.47346454,545.61274759,549.4674806,88102109
2025-03-12,555.64493735,556.57402684,547.26336404,552.38324019,69588167
2025-03-13,552.00765082,552.61551256,543.29990779,545.01971175,74079414
2025-03-14,549.65527529,557.28566986,545.09057953,556.27750892,62660321
2025-03-17,556.25774106,563.09742117,555.8228481,560.56713488,49008709
2025-03-18,558.24441115,558.46185762,552.57103487,554.50828531,66041422
2025-03-19,556.29727678,564.32302858,555.11120509,560.54736702,66555985
2025-03-20,556.79147332,563.94743921,556.07113244,558.92640237,62958195
2025-03-21,554.45090814,560.01246871,553.21170124,559.11032609,83762964
2025-03-24,565.87143893,570.18387895,565.27661962,569.12311784,58766795
2025-03-25,570.33258377,571.4329995,568.73648529,570.49120226,38355735
2025-03-26,570.22353357,571.35369026,562.29260941,563.68052113,52228898
2025-03-27,562.28269575,565.97057549,560.06203699,562.1835592,42164248
2025-03-28,560.64694264,561.37807471,550.2772593,550.86216496,71662653
2025-03-31,545.08250397,555.86975047,542.14806203,554.55995835,95328213
2025-04-01,552.63670924,558.07930594,548.89926123,556.12631587,54609641
2025-04-02,550.25743199,562.52062348,550.01950427,559.64566347,76014544
2025-04-03,540.40325872,543.23856411,532.06587469,532.06587469,125985998
2025-04-04,519.14838197,521.32938611,500.69906964,500.91717005,217965131
2025-04-07,484.96609883,518.65269921,477.63990764,500.02494108,256611355
2025-04-08,517.35401037,520.4470708,484.93635786,492.19315347,165816581
2025-04-09,489.17940229,543.8829517,488.79276974,543.8829517,241867317
2025-04-10,527.57498889,528.8885482,504.92228675,520.05052459,162331225
2025-04-11,518.49408072,531.798206,515.57946609,529.32970586,97866334
2025-04-14,539.35241127,539.58042534,529.25039662,534.46497925,68033993
2025-04-15,535.01518712,538.53949154,532.1749249,532.96801732,56892874
2025-04-16,527.08921978,533.24103938,515.79756651,521.12119935,83484814
2025-04-17,523.08410308,526.57866654,519.38630969,521.86472349,79868083
2025-04-21,516.66005451,517.19539189,504.0697124,509.44291352,69368129
2025-04-22,515.64886168,524.73472667,514.70954285,522.69747053,75948117
2025-04-23,535.76366808,540.72049569,529.27022393,530.79692683,90590658
2025-04-24,532.08074518,542.70322673,530.82706434,541.96961624,64150418
2025-04-25,541.92996162,546.29196991,538.99551968,545.88551005,61119590
2025-04-28,546.62903419,548.77038371,540.31403582,546.09369681,47613755
2025-04-29,544.1704477,550.6539782,543.81355611,549.53373516,47775121
2025-04-30,542.8420179,551.7147393,536.8442565,549.75183557,93101463
2025-05-01,555.53149656,559.19944985,553.0431691,553.64790207,63186146
2025-05-02,559.85385023,563.47233437,557.52414125,561.86632223,60717270
2025-05-05,557.7125007,561.75727202,556.8500127,558.64438429,38659222
2025-05-06,553.11256469,558.48338653,552.15094013,553.97505269,48264708
2025-05-07,555.31339614,558.9517076,551.23888386,556.30476166,55733229
2025-05-08,560.35944664,565.38566983,556.8500127,560.18100085,65130787
2025-05-09,561.58873989,562.59993272,557.9045282,559.46721767,37603427
2025-05-12,576.44930903,577.96609828,572.05755978,577.95618462,78993570
2025-05-13,578.37255814,583.99360064,577.8074798,581.77294188,67947225
2025-05-14,582.73456643,583.89446409,580.47920987,582.51646602,66283531
2025-05-15,580.50399401,585.86728148,580.04489264,585.36168506,71268145
2025-05-16,586.14486382,589.36680176,584.19187375,589.06939211,76052101
2025-05-19,583.02206243,590.3978219,583.02206243,589.71377969,68168509
2025-05-20,587.96897638,588.92068728,584.50911071,587.73104865,60614492
2025-05-21,583.35912671,587.46337996,576.79628697,577.82730711,95197657
2025-05-22,577.629034,581.55484146,576.38487028,578.05532118,70860417
2025-05-23,571.00671233,576.78647245,570.62999343,574.10968641,76029046
2025-05-27,581.00959043,586.20434575,573.43555785,586.04572727,72588475
2025-05-28,586.45218713,587.65054977,581.91668988,582.65525719,68445512
2025-05-29,587.93923541,588.07802659,581.00959043,584.9552252,70073758
2025-05-30,583.84489581,586.02580082,578.19906918,584.30092395,90601242
2025-06-02,582.68499816,587.67156672,580.00831125,587.59225748,61630502
2025-06-03,587.22545224,591.9245248,586.73968313,590.94307294,63606204
2025-06-04,591.80556094,592.78701281,590.34825363,590.78445446,57314199
2025-06-05,592.46977584,593.8279466,585.94659072,587.92932176,92436397
2025-06-06,593.49088233,595.64214551,591.70642439,593.96673778,66588743
2025-06-09,594.54172978,596.05851902,593.32235019,594.50207516,53016418
2025-06-10,595.03741254,598.25935048,593.9171695,597.87271793,66246973
2025-06-11,598.97313365,599.83562166,594.09561529,596.16756923,73658225
2025-06-12,594.82922578,598.53693282,594.34345667,598.53693282,64129003
2025-06-13,593.33226384,596.65333834,590.33833997,591.84521556,89505996
2025-06-16,595.21585833,599.23088869,595.03741254,597.47617172,79984125
2025-06-17,595.02749888,596.55420178,591.60728784,592.37063929,82209365
2025-06-18,593.27278191,596.02877806,591.31979184,592.28141639,76605029
2025-06-20,594.96712623,596.04096642,589.47860967,590.89051067,94051374
2025-06-23,591.64617599,597.11480662,588.51414209,596.72703099,87426039
2025-06-24,600.88319027,604.38301444,599.96843751,603.31921664,67735293
2025-06-25,604.44277166,605.13877919,602.08628901,603.65727744,62114767
2025-06-26,605.51661185,608.81767616,604.90014804,608.38018571,78548361
2025-06-27,609.38442515,612.87440579,607.34611737,611.402847,86258398
2025-06-30,613.8587593,615.68826482,611.53210554,614.32607864,92502541
2025-07-01,612.84457689,615.30048919,612.00936785,614.12721935,70030140
2025-07-02,613.71955779,616.95102134,613.09315101,616.91124949,66510374
2025-07-03,618.89984244,622.70799795,618.87995651,621.77335926,51065789
2025-07-07,619.80465224,620.47083088,614.34596457,617.13993768,74814505
2025-07-08,617.80611632,618.56178164,615.98655376,616.80187687,59024585
2025-07-09,619.21801731,621.15689544,617.36912301,620.50065977,66113326
2025-07-10,620.63986128,623.2947323,619.45664847,622.25062157,57528960
2025-07-11,619.18818842,621.29609695,617.98508968,620.06316932,63670226
2025-07-14,619.60579294,621.59249673,618.2534503,621.24638213,51898518
2025-07-15,623.94092558,624.27898638,618.51206681,618.59161053,74317260
2025-07-16,620.1824849,621.16683841,614.52493794,620.65974721,88987511
2025-07-17,620.83872057,624.82067911,620.61997535,624.45795975,68885683
2025-07-18,625.71077331,625.87980371,622.88697132,624.00058337,65621645
2025-07-21,625.18379618,627.93799742,624.75624869,625.18379618,63374984
2025-07-22,625.51191402,626.1383208,622.61851127,625.27328286,60046288
2025-07-23,627.94794039,630.59276902,626.1383208,630.59276902,70511036
2025-07-24,630.98054464,632.52170418,630.37402379,630.80157128,71307134
2025-07-25,631.46774992,633.94344872,631.2191758,633.46628584,56865364
2025-07-28,633.8441185,634.40092453,631.91518333,633.3071984,54917102
2025-07-29,634.70915643,635.02733131,630.71705608,631.63678032,60556278
2025-07-30,632.29301599,634.04297779,627.93799742,630.84134314,80418851
2025-07-31,635.80785404,636.20060115,627.16741765,628.47491752,103385246
2025-08-01,622.72788388,622.76765574,615.75786557,618.17400601,140103572
2025-08-04,622.1014771,627.61485107,622.01199042,627.57010772,73218015
2025-08-05,628.18657154,628.99712203,623.46366327,624.388359,68051401
2025-08-06,625.46219919,629.82716073,624.54744643,629.17092505,64357525
2025-08-07,632.61119087,633.34697026,625.52185698,628.64394792,74205791
2025-08-08,630.44362454,634.00817742,630.12544967,633.54582955,64051626
2025-08-11,633.82423257,635.30573432,631.04020243,632.29301599,58742300
2025-08-12,634.64949864,639.18349058,633.15805393,639.02440315,64821798
2025-08-13,641.23174133,642.50444082,639.01446018,641.2118554,60092790
2025-08-14,639.12383279,641.93769183,638.67639938,641.27151319,59327466
2025-08-15,642.30558152,642.40501117,638.85069955,639.7701255,68592507
2025-08-18,639.19343355,640.32693153,638.51731194,639.630924,43804914
2025-08-19,639.45195063,640.43133266,634.83841498,636.16082929,69750731
2025-08-20,635.75316773,636.01168482,629.33995545,634.47052528,88890298
2025-08-21,632.65096272,634.33132377,630.19505043,631.9251263,54805775
2025-08-22,634.12252151,642.81267273,633.61543031,641.62945992,84083214
2025-08-25,640.36670339,641.60957399,638.68634234,638.80565792,51274332
2025-08-26,638.53719787,641.82831921,637.91079109,641.48031545,51581565
2025-08-27,640.89368052,643.67771066,640.74453605,642.94193127,48341069
2025-08-28,643.54845212,645.77567623,641.65928881,645.2188702,61519461
2025-08-29,643.77714031,644.14503001,639.47183656,641.37094283,74522192
2025-09-02,633.86400443,636.8369509,631.29871952,636.61820567,81983545
2025-09-03,639.00451722,640.53573379,636.807122,640.06841445,70820898
2025-09-04,640.74453605,645.44755839,639.83972626,645.4177295,65219228
2025-09-05,647.76426918,648.49010561,639.66075289,643.54845212,85178935
2025-09-08,644.92058126,646.13362296,643.53850915,645.12938352,63133104
2025-09-09,645.26858502,647.14780537,643.52856619,646.62082823,66133856
2025-09-10,649.89206365,650.81675937,646.91911718,648.49010561,78034529
2025-09-11,650.44886967,654.57520005,649.86223475,653.87919252,69934360
2025-09-12,653.84936363,655.35075131,653.15335609,653.6604473,72780135
2025-09-15,655.87772844,657.26974351,655.5794395,657.14048497,63772412
2025-09-16,657.69729099,658.0055229,655.45018095,656.23567517,61168953
2025-09-17,656.24561814,657.94586511,650.56818525,655.42035206,101952244
2025-09-18,658.11489551,661.09778495,656.50413522,658.48278521,90459242
2025-09-19,660.37829894,662.59175722,658.42407451,661.74426194,97945620
2025-09-22,660.24868202,665.32368321,660.21877042,664.87500924,69452201
2025-09-23,664.75536284,665.37353588,660.02933029,661.25570583,81708872
2025-09-24,662.55187509,662.65158042,657.72613722,659.15192341,68082229
2025-09-25,656.00123504,657.46251633,652.4766517,656.1109109,89622067
2025-09-26,657.56660869,660.41818107,655.94141185,659.86980177,69179209
2025-09-29,662.4023171,663.31960612,659.9096839,661.72432087,73499015
2025-09-30,660.97653091,664.68556911,659.66042058,664.21695407,86288028
2025-10-01,661.2158237,667.39755403,661.10614784,666.48026502,72545369
2025-10-02,668.47437158,668.5890327,664.81518604,667.24799604,56895993
2025-10-03,668.01572707,670.69281512,666.19111956,667.23802551,70494350
2025-10-06,669.64092391,670.52830133,667.48230356,669.63095338,54623260
2025-10-07,670.55821293,671.00688691,665.70256346,667.14829071,72020067
2025-10-08,668.27496092,671.22185159,667.4474067,671.1265333,60702241
2025-10-09,671.54529568,671.95408752,667.23802551,669.1822794,66501941
2025-10-10,670.14942109,671.96405806,650.91626332,651.09573291,159422589
2025-10-13,658.70324943,663.17004813,657.82374873,661.08620677,79560517
2025-10-14,655.23350402,663.86798542,651.2452909,660.27859361,88779560
2025-10-15,664.85506817,668.25501985,656.98831779,663.20993026,81702555
2025-10-16,664.85506817,666.73949887,655.17368082,658.6932789,110563346
2025-10-17,657.55663816,663.79320643,656.2006457,662.4322287,96500870
2025-10-20,665.35359481,670.22918535,665.30374215,669.32186686,60493350
2025-10-21,669.46145432,671.00688691,668.00675359,669.31189633,56249034
2025-10-22,670.01980416,670.01980416,661.34544062,665.83218038,80564006
2025-10-23,666.15123743,670.72781169,665.83218038,669.78051137,65604461
2025-10-24,674.46666179,676.47073888,673.65904863,675.25433388,74356527
2025-10-27,680.71818585,683.51990557,680.10499809,683.22078959,63339790
2025-10-28,685.02545602,686.87498986,682.81199774,685.03542656,61738073
2025-10-29,686.690535,687.66764722,680.85777331,685.36445414,85362207
2025-10-30,681.88473819,683.91872688,677.82673134,677.82673134,76335751
2025-10-31,683.02137893,683.06126106,677.23846991,680.05016016,87164122
2025-11-03,683.6495225,683.77913942,677.9364072,681.32638836,57315025
2025-11-04,674.11769314,677.95634827,672.59220162,673.25025679,78426969
2025-11-05,672.99102293,678.85369622,672.18340978,675.58336146,74402376
2025-11-06,674.47663232,675.38395081,666.7494694,668.33478412,85035298
2025-11-07,665.94185624,669.10251514,659.256614,668.99283928,100592443
2025-11-10,675.23937808,680.16980655,673.0408756,679.43198712,75842888
2025-11-11,677.94637774,681.55571061,676.72997273,680.98739024,58953385
2025-11-12,682.77211561,682.94161467,678.93844575,681.36627049,62312484
2025-11-13,678.49475704,678.85369622,668.54416531,670.05968629,103457788
2025-11-14,663.41931145,673.66901916,661.31054376,669.95001043,96846672
2025-11-17,667.72658162,671.72476527,660.21877042,663.7084569,90456105
2025-11-18,660.14399142,663.16007759,653.92736422,658.13492906,114467488
2025-11-19,658.83286636,665.37353588,656.80386293,660.67741493,94702955
2025-11-20,670.92712264,673.56931384,649.9690627,650.6071768,165293521
2025-11-21,653.11975106,662.59175722,648.93212729,657.08802312,123956203
2025-11-24,660.73723812,668.0855208,659.64047952,666.75943993,80437940
2025-11-25,666.65973461,674.21739847,662.52196349,673.03090507,81077088
2025-11-26,675.63321413,679.69122098,674.72589564,677.67717335,71879597
2025-11-28,678.85369622,681.65043067,678.49475704,681.37624102,49212030
2025-12-01,676.809737,680.97741971,676.73994327,678.26543479,61201193
2025-12-02,679.9105727,681.80497393,677.32571207,679.52172192,62953844
2025-12-03,678.56455077,682.891762,677.68714388,681.87476766,57238481
2025-12-04,683.28061278,683.35040651,679.3322818,682.3732943,61970336
2025-12-05,683.45011184,686.36150742,682.56273442,683.66946356,79241045
2025-12-08,684.56681152,684.61666418,679.56160405,681.61553381,55231462
2025-12-09,681.13694823,683.36536231,680.5785984,681.02727237,58310055
2025-12-10,680.5486868,686.93979832,679.3023702,685.54392373,85671334
2025-12-11,683.12108426,687.21897324,680.15485075,687.13920898,86173678
2025-12-12,686.1421557,686.85006353,677.17306321,679.75104417,113160347
2025-12-15,683.71931623,683.73925729,677.24844044,678.72407929,90810952
2025-12-16,677.22849937,679.07304794,672.99102293,676.86956019,122030631
2025-12-17,677.88655454,678.42994858,669.21717627,669.42157219,110625198
2025-12-18,675.60330253,678.73404983,672.91125867,674.47663232,108650128
2025-12-19,676.59,681.09,676.47,680.59,103599543
2025-12-22,683.94,685.36,680.5868,684.83,69556733
2025-12-23,683.92,688.2,683.87,687.96,64839951
2025-12-24,687.95,690.83,687.8,690.38,39445560
2025-12-26,690.64,691.66,689.27,690.31,41613347
2025-12-29,687.54,689.2,686.07,687.85,62559503
2025-12-30,687.445,688.555,686.58,687.01,47160671
2025-12-31,687.14,687.36,681.71,681.92,74144801
2026-01-02,685.71,686.87,679.82,683.17,89377203
2026-01-05,686.54,689.43,686.375,687.72,71927191
2026-01-06,687.93,692.315,687.78,691.81,69273827
2026-01-07,692.19,693.96,689.32,689.58,75588337
2026-01-08,688.82,690.615,687.49,689.51,64019200
2026-01-09,690.63,695.31,689.18,694.07,80125467
2026-01-12,690.68,696.09,690.63,695.16,63976002
2026-01-13,695.49,696.09,691.35,693.77,78309726
2026-01-14,691,691.72,686.04,690.36,94676684
2026-01-15,694.57,695.45,691.25,692.24,77861974
2026-01-16,693.66,694.25,690.1,691.66,79289200
2026-01-20,681.49,684.77,676.57,677.58,111623277
2026-01-21,679.65,688.735,678.13,685.4,127844467
2026-01-22,689.85,691.125,686.92,688.98,77112243
2026-01-23,688.15,690.96,687.16,689.23,63059578
2026-01-26,690.49,694.13,689.92,692.73,60473813
2026-01-27,694.18,696.53,693.57,695.49,55506147
2026-01-28,697.05,697.84,693.94,695.42,61172165
2026-01-29,696.39,697.06,684.83,694.04,97486198
2026-01-30,691.79,694.21,687.12,691.97,101835131
2026-02-02,689.58,696.93,689.42,695.41,79286521
2026-02-03,696.21,696.96,684.03,689.53,107904611
2026-02-04,690.35,691.45,681.76,686.19,105204600
2026-02-05,680.94,683.69,675.79,677.62,113610812
2026-02-06,681.46,692.31,680.85,690.62,89127566
2026-02-09,689.42,695.87,688.34,693.95,73885192
2026-02-10,694.95,696.54,691.66,692.12,65185725
2026-02-11,696.39,697.14,689.18,691.96,76353872
2026-02-12,694.24,695.35,680.37,681.27,118828963
2026-02-13,681.69,686.05,677.52,685.63,42863389